-- phpMyAdmin SQL Dump
-- version 5.0.4
-- https://www.phpmyadmin.net/
--
-- 主机： localhost
-- 生成日期： 2023-03-06 12:42:52
-- 服务器版本： 5.6.50-log
-- PHP 版本： 7.2.33

SET SQL_MODE = "NO_AUTO_VALUE_ON_ZERO";
SET time_zone = "+00:00";


/*!40101 SET @OLD_CHARACTER_SET_CLIENT=@@CHARACTER_SET_CLIENT */;
/*!40101 SET @OLD_CHARACTER_SET_RESULTS=@@CHARACTER_SET_RESULTS */;
/*!40101 SET @OLD_COLLATION_CONNECTION=@@COLLATION_CONNECTION */;
/*!40101 SET NAMES utf8mb4 */;

--
-- 数据库: `shopwind`
--

-- --------------------------------------------------------

--
-- 删除表中的数据
--
delete from `swd_acategory` where (cate_id > 1 and store_id > 0);
delete from `swd_article` where (article_id > 4 and store_id > 0);
delete from `swd_mailbox`;
delete from `swd_cate_pvs`;
delete from `swd_goods_integral`;
delete from `swd_goods_prop`;
delete from `swd_goods_prop_value`;
delete from `swd_goods_pvs`;
delete from `swd_goods_qa`;
delete from `swd_goods_statistics`;
delete from `swd_recommend_goods`;
delete from `swd_report`;
delete from `swd_sgrade_integral`;
delete from `swd_limitbuy`;
delete from `swd_teambuy`;

--
-- 转存表中的数据 `swd_brand`
--
delete from `swd_brand`;
INSERT INTO `swd_brand` (`id`, `name`, `logo`, `image`, `cate_id`, `sort_order`, `recommended`, `store_id`, `if_show`, `tag`, `letter`, `description`) VALUES
(1, 'fiyta', 'data/files/mall/brand/15.jpg', '', 0, 255, 1, 0, 1, '女装', 'F', ''),
(2, '珂兰钻石', 'data/files/mall/brand/16.jpg', '', 0, 255, 1, 0, 1, '女装', 'K', ''),
(3, 'Zippo', 'data/files/mall/brand/17.png', '', 0, 255, 1, 0, 1, '女装', 'Z', ''),
(4, 'kiplinq', 'data/files/mall/brand/18.png', '', 0, 255, 1, 0, 1, '女装', 'K', ''),
(5, 'ochirly', 'data/files/mall/brand/19.jpg', '', 0, 255, 1, 0, 1, '女装', 'O', ''),
(6, '劲霸', 'data/files/mall/brand/20.png', '', 0, 255, 1, 0, 1, '女装', 'J', ''),
(7, '古今', 'data/files/mall/brand/21.jpg', '', 0, 255, 1, 0, 1, '女装', 'G', ''),
(8, '百丽', 'data/files/mall/brand/22.jpg', '', 0, 255, 1, 0, 1, '女装', 'B', ''),
(9, '杰克', 'data/files/mall/brand/23.jpg', '', 0, 255, 1, 0, 1, '男装', 'J', ''),
(10, 'COACH', 'data/files/mall/brand/24.jpg', '', 0, 255, 1, 0, 1, '男装', 'C', ''),
(11, '海尔', 'data/files/mall/brand/25.jpg', '', 0, 255, 1, 0, 1, '', 'H', ''),
(12, '乐视', 'data/files/mall/brand/26.jpg', '', 0, 255, 1, 0, 1, '', 'L', ''),
(13, '康佳', 'data/files/mall/brand/27.jpg', '', 0, 255, 1, 0, 1, '', 'K', ''),
(14, '三星', 'data/files/mall/brand/28.jpg', '', 0, 255, 1, 0, 1, '', 'S', ''),
(15, 'SONY', 'data/files/mall/brand/29.jpg', '', 0, 255, 1, 0, 1, '', 'S', ''),
(16, '东芝', 'data/files/mall/brand/30.jpg', '', 0, 255, 1, 0, 1, '', 'D', ''),
(17, '小米', 'data/files/mall/brand/31.jpg', '', 0, 255, 1, 0, 1, '', 'X', ''),
(18, '飞利浦', 'data/files/mall/brand/32.jpg', '', 0, 255, 1, 0, 1, '', 'F', ''),
(19, '海信', 'data/files/mall/brand/33.jpg', '', 0, 255, 1, 0, 1, '', 'H', ''),
(20, '美的', 'data/files/mall/brand/34.jpg', '', 0, 255, 1, 0, 1, '', 'M', '');

--
-- 转存表中的数据 `swd_category_goods`
--
delete from `swd_category_goods`;
INSERT INTO `swd_category_goods` (`cate_id`, `goods_id`) VALUES
(2555, 9),
(2555, 12),
(2555, 13),
(2555, 14),
(2557, 15),
(2555, 16),
(2555, 17),
(2555, 18),
(2555, 19),
(2555, 20),
(2556, 19),
(2556, 20),
(2557, 9),
(2557, 12),
(2557, 13),
(2557, 14),
(2555, 15),
(2557, 16),
(2557, 17),
(2557, 18),
(2558, 1),
(2558, 2),
(2558, 4),
(2558, 5),
(2558, 6),
(2558, 7),
(2558, 10),
(2558, 11),
(2559, 7),
(2559, 8),
(2560, 10);

--
-- 转存表中的数据 `swd_category_store`
--
delete from `swd_category_store`;
INSERT INTO `swd_category_store` (`cate_id`, `store_id`) VALUES
(1, {seller_id});

--
-- 转存表中的数据 `swd_delivery_template`
--
delete from `swd_delivery_template`;
INSERT INTO `swd_delivery_template` (`template_id`, `name`, `store_id`, `types`, `dests`, `start_standards`, `start_fees`, `add_standards`, `add_fees`, `created`) VALUES
(1, '默认运费', {seller_id}, 'express', '1', '1', '0', '1', '0', 1542757210);

--
-- 转存表中的数据 `swd_gcategory`
--
delete from `swd_gcategory`;
INSERT INTO `swd_gcategory` (`cate_id`, `store_id`, `cate_name`, `parent_id`, `groupid`, `sort_order`, `if_show`, `image`, `ad`) VALUES
(2571, 0, '户外运动', 0, 0, 255, 1, NULL, NULL),
(2, 0, '服装鞋帽', 0, 0, 1, 1, '', ''),
(21, 0, '家用电器', 0, 0, 3, 1, '', ''),
(22, 0, '大家电', 21, 0, 255, 1, '', ''),
(1324, 0, '电饼铛', 1313, 0, 255, 0, 'data/files/mall/gcategory/icon/1324/image.jpg', ''),
(1323, 0, '料理机', 1313, 0, 255, 0, 'data/files/mall/gcategory/icon/1323/image.jpg', ''),
(1322, 0, '榨汁机', 1313, 0, 255, 0, 'data/files/mall/gcategory/icon/1322/image.jpg', ''),
(1321, 0, '面包机', 1313, 0, 255, 0, 'data/files/mall/gcategory/icon/1321/image.jpg', ''),
(1320, 0, '咖啡机', 1313, 0, 255, 0, 'data/files/mall/gcategory/icon/1320/image.jpg', ''),
(1319, 0, '豆浆机', 1313, 0, 255, 0, 'data/files/mall/gcategory/icon/1319/image.jpg', ''),
(1318, 0, '电压力锅', 1313, 0, 255, 0, 'data/files/mall/gcategory/icon/1318/image.jpg', ''),
(1317, 0, '电磁炉', 1313, 0, 255, 0, 'data/files/mall/gcategory/icon/1317/image.jpg', ''),
(1316, 0, '电烤箱', 1313, 0, 255, 0, 'data/files/mall/gcategory/icon/1316/image.jpg', ''),
(1315, 0, '微波炉', 1313, 0, 255, 0, 'data/files/mall/gcategory/icon/1315/image.jpg', ''),
(1314, 0, '电饭锅', 1313, 0, 255, 0, 'data/files/mall/gcategory/icon/1314/image.jpg', ''),
(1313, 0, '厨房小电', 21, 0, 255, 0, '', ''),
(57, 0, '手机数码', 0, 0, 2, 1, '', ''),
(58, 0, '手机通讯', 57, 0, 255, 1, '', ''),
(61, 0, '手机配件', 57, 0, 255, 1, '', ''),
(2543, 0, '儿童玩具', 0, 0, 13, 1, '', ''),
(1238, 0, '对讲机', 58, 0, 255, 0, 'data/files/mall/gcategory/icon/1238/image.jpg', ''),
(1229, 0, '手机', 58, 0, 255, 1, 'data/files/mall/gcategory/icon/1229/image.jpg', ''),
(73, 0, '电脑办公', 0, 0, 14, 1, '', ''),
(1436, 0, '路由器', 1435, 0, 255, 1, '', ''),
(1435, 0, '网络产品', 73, 0, 255, 1, '', ''),
(1412, 0, '组装电脑', 1398, 0, 255, 1, '', ''),
(1411, 0, '装机配件', 1398, 0, 255, 1, '', ''),
(1410, 0, '散热器', 1398, 0, 255, 1, '', ''),
(1409, 0, '声卡/扩展卡', 1398, 0, 255, 1, '', ''),
(1408, 0, '刻录机/光驱', 1398, 0, 255, 1, '', ''),
(1407, 0, '显示器', 1398, 0, 255, 1, '', ''),
(1406, 0, '电源', 1398, 0, 255, 1, '', ''),
(1404, 0, '内存', 1398, 0, 255, 1, '', ''),
(1405, 0, '机箱', 1398, 0, 255, 1, '', ''),
(1403, 0, 'SSD固态硬盘', 1398, 0, 255, 1, '', ''),
(1402, 0, '硬盘', 1398, 0, 255, 1, '', ''),
(1401, 0, '显卡', 1398, 0, 255, 1, '', ''),
(1400, 0, '主板', 1398, 0, 255, 1, '', ''),
(1399, 0, 'CPU', 1398, 0, 255, 1, '', ''),
(1398, 0, '电脑配件', 73, 0, 255, 1, '', ''),
(1397, 0, '笔记本配件', 1389, 0, 255, 1, '', ''),
(1396, 0, '服务器/工作站', 1389, 0, 255, 1, '', ''),
(1395, 0, '一体机', 1389, 0, 255, 1, '', ''),
(1394, 0, '台式机', 1389, 0, 255, 1, '', ''),
(162, 0, '箱包皮具', 0, 0, 12, 1, '', ''),
(1768, 0, '凉鞋', 1762, 0, 255, 0, 'data/files/mall/gcategory/icon/1768/image.jpg', ''),
(1765, 0, '帆布鞋', 1762, 0, 255, 0, 'data/files/mall/gcategory/icon/1765/image.jpg', ''),
(1764, 0, '休闲鞋', 1762, 0, 255, 1, 'data/files/mall/gcategory/icon/1764/image.jpg', ''),
(1763, 0, '单鞋', 1762, 0, 255, 0, 'data/files/mall/gcategory/icon/1763/image.jpg', ''),
(1762, 0, '时尚女鞋', 2, 0, 3, 1, '', ''),
(172, 0, '五金灯具', 0, 0, 8, 1, '', ''),
(1486, 0, '茶具/咖啡具', 1480, 0, 255, 1, 'data/files/mall/gcategory/icon/1486/image.jpg', ''),
(1485, 0, '餐具', 1480, 0, 255, 1, 'data/files/mall/gcategory/icon/1485/image.jpg', ''),
(1484, 0, '水具酒具', 1480, 0, 255, 1, 'data/files/mall/gcategory/icon/1484/image.jpg', ''),
(1483, 0, '厨房配件', 1480, 0, 255, 1, 'data/files/mall/gcategory/icon/1483/image.jpg', ''),
(1482, 0, '刀剪菜板', 1480, 0, 255, 1, 'data/files/mall/gcategory/icon/1482/image.jpg', ''),
(1481, 0, '烹饪锅具', 1480, 0, 255, 1, 'data/files/mall/gcategory/icon/1481/image.jpg', ''),
(1480, 0, '厨具', 172, 0, 255, 1, '', ''),
(1993, 0, '豪华车', 1987, 0, 255, 1, '', ''),
(206, 0, '汽车用品', 0, 0, 255, 1, '', ''),
(2010, 0, '天津一汽', 2005, 0, 255, 1, '', ''),
(2009, 0, '红旗', 2005, 0, 255, 1, '', ''),
(2008, 0, '一汽丰田', 2005, 0, 255, 1, '', ''),
(2007, 0, '东风标致', 2005, 0, 255, 1, '', ''),
(2006, 0, '宝马', 2005, 0, 255, 1, '', ''),
(2005, 0, '汽车品牌', 206, 0, 255, 1, '', ''),
(2004, 0, '40万以上', 1997, 0, 255, 1, '', ''),
(2003, 0, '25-40万', 1997, 0, 255, 1, '', ''),
(2002, 0, '15-25万', 1997, 0, 255, 1, '', ''),
(2001, 0, '10-15万', 1997, 0, 255, 1, '', ''),
(2000, 0, '8-10万', 1997, 0, 255, 1, '', ''),
(1987, 0, '汽车车型', 206, 0, 255, 1, '', ''),
(221, 0, '母婴用品', 0, 0, 255, 1, '', ''),
(2581, 0, '健身衣', 2577, 0, 255, 1, NULL, NULL),
(2582, 0, '运动裤', 2577, 0, 255, 1, NULL, NULL),
(2583, 0, '自行车', 2578, 0, 255, 1, NULL, NULL),
(2584, 0, '运动包', 2578, 0, 255, 1, NULL, NULL),
(2585, 0, '垂钓用品', 2578, 0, 255, 1, NULL, NULL),
(2586, 0, '篮球', 2579, 0, 255, 1, NULL, NULL),
(2587, 0, '足球', 2579, 0, 255, 1, NULL, NULL),
(2588, 0, '排球', 2579, 0, 255, 1, NULL, NULL),
(2589, 0, '兵乒球', 2579, 0, 255, 1, NULL, NULL),
(2590, 0, '羽毛球', 2579, 0, 255, 1, NULL, NULL),
(2591, 0, '本地优选', 0, 0, 255, 1, NULL, NULL),
(2592, 0, '新鲜蔬菜', 2591, 0, 255, 1, 'data/files/mall/gcategory/icon/2592/image.jpg', NULL),
(2593, 0, '时令水果', 2591, 0, 255, 1, 'data/files/mall/gcategory/icon/2593/image.jpg', NULL),
(2594, 0, '肉禽蛋品', 2591, 0, 255, 1, 'data/files/mall/gcategory/icon/2594/image.jpg', NULL),
(2595, 0, '海鲜水产', 2591, 0, 255, 1, 'data/files/mall/gcategory/icon/2595/image.jpg', NULL),
(2596, 0, '粮油调味', 2591, 0, 255, 1, 'data/files/mall/gcategory/icon/2596/image.jpg', NULL),
(2597, 0, '速食冻品', 2591, 0, 255, 1, 'data/files/mall/gcategory/icon/2597/image.jpg', NULL),
(2600, 0, '个护清洁', 2591, 0, 255, 1, 'data/files/mall/gcategory/icon/2600/image.jpg', NULL),
(2601, 0, '日用百货', 2591, 0, 255, 1, 'data/files/mall/gcategory/icon/2601/image.jpg', NULL),
(2572, 0, '礼品鲜花', 0, 0, 255, 0, NULL, NULL),
(1212, 0, '女装', 2, 0, 1, 1, '', ''),
(1213, 0, 'T恤', 1212, 0, 255, 1, 'data/files/mall/gcategory/icon/1213/image.jpg', ''),
(1219, 0, '冰箱', 22, 0, 255, 1, 'data/files/mall/gcategory/icon/1219/image.jpg', ''),
(1217, 0, '平板电视', 22, 0, 255, 1, 'data/files/mall/gcategory/icon/1217/image.jpg', ''),
(1218, 0, '空调', 22, 0, 255, 1, 'data/files/mall/gcategory/icon/1218/image.jpg', ''),
(1220, 0, '洗衣机', 22, 0, 255, 1, 'data/files/mall/gcategory/icon/1220/image.jpg', ''),
(1221, 0, '家庭影院', 22, 0, 255, 0, 'data/files/mall/gcategory/icon/1221/image.jpg', ''),
(1226, 0, '家电配件', 22, 0, 255, 0, 'data/files/mall/gcategory/icon/1226/image.jpg', ''),
(1232, 0, '手机电池', 61, 0, 255, 0, 'data/files/mall/gcategory/icon/1232/image.jpg', ''),
(1248, 0, '充电宝', 61, 0, 255, 0, 'data/files/mall/gcategory/icon/1248/image.jpg', ''),
(1249, 0, '蓝牙耳机', 61, 0, 255, 1, 'data/files/mall/gcategory/icon/1249/image.jpg', ''),
(1250, 0, '充电器', 61, 0, 255, 0, 'data/files/mall/gcategory/icon/1250/image.jpg', ''),
(1239, 0, '手机回收', 58, 0, 255, 0, 'data/files/mall/gcategory/icon/1239/image.jpg', ''),
(1240, 0, '手机维修', 58, 0, 255, 0, 'data/files/mall/gcategory/icon/1240/image.jpg', ''),
(1245, 0, '手机办卡', 58, 0, 255, 0, 'data/files/mall/gcategory/icon/1245/image.png', ''),
(1251, 0, '数据线', 61, 0, 255, 0, 'data/files/mall/gcategory/icon/1251/image.jpg', ''),
(1252, 0, '手机耳机', 61, 0, 255, 1, 'data/files/mall/gcategory/icon/1252/image.jpg', ''),
(1253, 0, '手机支架', 61, 0, 255, 0, 'data/files/mall/gcategory/icon/1253/image.jpg', ''),
(1256, 0, '保护套', 61, 0, 255, 0, 'data/files/mall/gcategory/icon/1256/image.jpg', ''),
(1809, 0, '商务公文包', 1808, 0, 255, 1, 'data/files/mall/gcategory/icon/1809/image.jpg', ''),
(1304, 0, '厨卫大电', 21, 0, 255, 1, '', ''),
(1305, 0, '油烟机', 1304, 0, 255, 1, 'data/files/mall/gcategory/icon/1305/image.jpg', ''),
(1306, 0, '燃气灶', 1304, 0, 255, 0, 'data/files/mall/gcategory/icon/1306/image.jpg', ''),
(1308, 0, '消毒柜', 1304, 0, 255, 0, 'data/files/mall/gcategory/icon/1308/image.jpg', ''),
(1309, 0, '洗碗机', 1304, 0, 255, 0, 'data/files/mall/gcategory/icon/1309/image.jpg', ''),
(1311, 0, '热水器', 1304, 0, 255, 0, 'data/files/mall/gcategory/icon/1311/image.jpg', ''),
(1312, 0, '烟罩套装', 1304, 0, 255, 0, 'data/files/mall/gcategory/icon/1312/image.jpg', ''),
(1326, 0, '酸奶机', 1313, 0, 255, 0, 'data/files/mall/gcategory/icon/1326/image.jpg', ''),
(1327, 0, '煮蛋器', 1313, 0, 255, 0, 'data/files/mall/gcategory/icon/1327/image.jpg', ''),
(1334, 0, '生活电器', 21, 0, 255, 0, '', ''),
(1335, 0, '电风扇', 1334, 0, 255, 0, 'data/files/mall/gcategory/icon/1335/image.jpg', ''),
(1337, 0, '吸尘器', 1334, 0, 255, 0, 'data/files/mall/gcategory/icon/1337/image.jpg', ''),
(1338, 0, '空气净化器', 1334, 0, 255, 0, 'data/files/mall/gcategory/icon/1338/image.jpg', ''),
(1339, 0, '扫地机器人', 1334, 0, 255, 0, 'data/files/mall/gcategory/icon/1339/image.jpg', ''),
(1340, 0, '加湿器', 1334, 0, 255, 0, 'data/files/mall/gcategory/icon/1340/image.jpg', ''),
(1345, 0, '净水器', 1334, 0, 255, 0, 'data/files/mall/gcategory/icon/1345/image.jpg', ''),
(1346, 0, '饮水机', 1334, 0, 255, 0, 'data/files/mall/gcategory/icon/1346/image.jpg', ''),
(1347, 0, '除湿机', 1334, 0, 255, 0, 'data/files/mall/gcategory/icon/1347/image.jpg', ''),
(1370, 0, '五金家装', 172, 0, 255, 1, '', ''),
(1376, 0, 'LED灯', 1370, 0, 255, 1, 'data/files/mall/gcategory/icon/1376/image.jpg', ''),
(1378, 0, '水槽', 1370, 0, 255, 1, 'data/files/mall/gcategory/icon/1378/image.jpg', ''),
(1379, 0, '龙头', 1370, 0, 255, 1, 'data/files/mall/gcategory/icon/1379/image.jpg', ''),
(1383, 0, '花洒', 1370, 0, 255, 1, 'data/files/mall/gcategory/icon/1383/image.jpg', ''),
(1385, 0, '插座', 1370, 0, 255, 1, 'data/files/mall/gcategory/icon/1385/image.jpg', ''),
(1389, 0, '电脑整机', 73, 0, 255, 1, '', ''),
(1390, 0, '笔记本', 1389, 0, 255, 1, '', ''),
(1391, 0, '游戏本', 1389, 0, 255, 1, '', ''),
(1392, 0, '平板电脑', 1389, 0, 255, 1, '', ''),
(1393, 0, '平板电脑配件', 1389, 0, 255, 1, '', ''),
(1437, 0, '网卡', 1435, 0, 255, 1, '', ''),
(1438, 0, '交换机', 1435, 0, 255, 1, '', ''),
(1439, 0, '网络储存', 1435, 0, 255, 1, '', ''),
(1440, 0, '4G/3G上网', 1435, 0, 255, 1, '', ''),
(1441, 0, '网络盒子', 1435, 0, 255, 1, '', ''),
(1442, 0, '网络配件', 1435, 0, 255, 1, '', ''),
(1443, 0, '办公设备', 73, 0, 255, 1, '', ''),
(1444, 0, '投影机', 1443, 0, 255, 1, '', ''),
(1445, 0, '投影配件', 1443, 0, 255, 1, '', ''),
(1446, 0, '多功能一体机', 1443, 0, 255, 1, '', ''),
(1447, 0, '打印机', 1443, 0, 255, 1, '', ''),
(1448, 0, '传真设备', 1443, 0, 255, 1, '', ''),
(1449, 0, '验钞/点钞机', 1443, 0, 255, 1, '', ''),
(1450, 0, '扫描设备', 1443, 0, 255, 1, '', ''),
(1451, 0, '复合机', 1443, 0, 255, 1, '', ''),
(1452, 0, '碎纸机', 1443, 0, 255, 1, '', ''),
(1453, 0, '考勤机', 1443, 0, 255, 1, '', ''),
(1455, 0, '会议音频视频', 1443, 0, 255, 1, '', ''),
(1456, 0, '保险柜', 1443, 0, 255, 1, '', ''),
(1457, 0, '装订/封装机', 1443, 0, 255, 1, '', ''),
(1458, 0, '安防监控', 1443, 0, 255, 1, '', ''),
(1459, 0, '办公家具', 1443, 0, 255, 1, '', ''),
(1460, 0, '白板', 1443, 0, 255, 1, '', ''),
(1461, 0, '文具耗材', 2546, 0, 255, 1, '', ''),
(1462, 0, '硒鼓/墨粉', 1461, 0, 255, 1, '', ''),
(1463, 0, '墨盒', 1461, 0, 255, 1, '', ''),
(1464, 0, '色带', 1461, 0, 255, 1, '', ''),
(1465, 0, '纸类', 1461, 0, 255, 1, '', ''),
(1466, 0, '办公文具', 1461, 0, 255, 1, '', ''),
(1467, 0, '学生文具', 1461, 0, 255, 1, '', ''),
(1468, 0, '文件管理', 1461, 0, 255, 1, '', ''),
(1469, 0, '本册/便签', 1461, 0, 255, 1, '', ''),
(1470, 0, '计算器', 1461, 0, 255, 1, '', ''),
(1471, 0, '笔类', 1443, 0, 255, 1, '', ''),
(1472, 0, '画具画材', 1461, 0, 255, 1, '', ''),
(1473, 0, '财会用品', 1461, 0, 255, 1, '', ''),
(1474, 0, '刻录盘片/附件', 1461, 0, 255, 1, '', ''),
(1501, 0, '床品套件', 1513, 0, 255, 1, '', ''),
(1502, 0, '被子', 1513, 0, 255, 1, '', ''),
(1503, 0, '枕芯', 1513, 0, 255, 1, '', ''),
(1504, 0, '蚊帐', 1513, 0, 255, 1, '', ''),
(1505, 0, '凉席', 1513, 0, 255, 1, '', ''),
(1506, 0, '毛巾浴巾', 1513, 0, 255, 1, '', ''),
(1507, 0, '床单被罩', 1513, 0, 255, 1, '', ''),
(1508, 0, '床垫/床褥', 1513, 0, 255, 1, '', ''),
(1509, 0, '毯子', 1513, 0, 255, 1, '', ''),
(1510, 0, '抱枕靠垫', 1513, 0, 255, 1, '', ''),
(1511, 0, '窗帘/窗纱', 1513, 0, 255, 1, '', ''),
(1512, 0, '电热毯', 1513, 0, 255, 1, '', ''),
(1513, 0, '布艺软饰', 1513, 0, 255, 1, '', ''),
(1534, 0, '灯具', 172, 0, 255, 1, '', ''),
(1535, 0, '台灯', 1534, 0, 255, 1, 'data/files/mall/gcategory/icon/1535/image.jpg', ''),
(1536, 0, '吸顶灯', 1534, 0, 255, 1, 'data/files/mall/gcategory/icon/1536/image.jpg', ''),
(1537, 0, '筒灯射灯', 1534, 0, 255, 1, 'data/files/mall/gcategory/icon/1537/image.jpg', ''),
(1538, 0, 'LED灯', 1534, 0, 255, 1, 'data/files/mall/gcategory/icon/1538/image.jpg', ''),
(1543, 0, '装饰灯', 1534, 0, 255, 1, 'data/files/mall/gcategory/icon/1543/image.jpg', ''),
(1544, 0, '吊灯', 1534, 0, 255, 1, 'data/files/mall/gcategory/icon/1544/image.jpg', ''),
(1570, 0, '雪纺衫', 1212, 0, 255, 1, 'data/files/mall/gcategory/icon/1570/image.jpg', ''),
(1571, 0, '衬衫', 1212, 0, 255, 1, 'data/files/mall/gcategory/icon/1571/image.jpg', ''),
(1572, 0, '休闲裤', 1212, 0, 255, 1, 'data/files/mall/gcategory/icon/1572/image.jpg', ''),
(1573, 0, '牛仔裤', 1212, 0, 255, 0, 'data/files/mall/gcategory/icon/1573/image.jpg', ''),
(1574, 0, '针织衫', 1212, 0, 255, 0, 'data/files/mall/gcategory/icon/1574/image.jpg', ''),
(1575, 0, '短外套', 1212, 0, 255, 0, 'data/files/mall/gcategory/icon/1575/image.jpg', ''),
(1576, 0, '卫衣', 1212, 0, 255, 0, 'data/files/mall/gcategory/icon/1576/image.jpg', ''),
(1577, 0, '小西装', 1212, 0, 255, 0, 'data/files/mall/gcategory/icon/1577/image.jpg', ''),
(1602, 0, '男装', 2, 0, 2, 1, '', ''),
(1603, 0, 'T恤', 1602, 0, 255, 1, 'data/files/mall/gcategory/icon/1603/image.jpg', ''),
(1604, 0, '牛仔裤', 1602, 0, 255, 0, 'data/files/mall/gcategory/icon/1604/image.jpg', ''),
(1605, 0, '休闲裤', 1602, 0, 255, 0, 'data/files/mall/gcategory/icon/1605/image.jpg', ''),
(1606, 0, '卫衣', 1602, 0, 255, 0, 'data/files/mall/gcategory/icon/1606/image.jpg', ''),
(1607, 0, '针织衫', 1602, 0, 255, 1, 'data/files/mall/gcategory/icon/1607/image.jpg', ''),
(1608, 0, '西服', 1602, 0, 255, 0, 'data/files/mall/gcategory/icon/1608/image.jpg', ''),
(1609, 0, '西裤', 1602, 0, 255, 0, 'data/files/mall/gcategory/icon/1609/image.jpg', ''),
(1610, 0, 'POLO衫', 1602, 0, 255, 1, 'data/files/mall/gcategory/icon/1610/image.jpg', ''),
(1611, 0, '羽绒服', 1602, 0, 255, 0, 'data/files/mall/gcategory/icon/1611/image.jpg', ''),
(1631, 0, '内裤', 1631, 0, 255, 1, '', ''),
(1634, 0, '塑身美体', 1631, 0, 255, 1, '', ''),
(1635, 0, '文胸套装', 1631, 0, 255, 1, '', ''),
(1636, 0, '情侣睡衣', 1631, 0, 255, 1, '', ''),
(1637, 0, '吊带/背心', 1631, 0, 255, 1, '', ''),
(1638, 0, '少女文胸', 1631, 0, 255, 1, '', ''),
(1774, 0, '高跟鞋', 1762, 0, 255, 0, 'data/files/mall/gcategory/icon/1774/image.jpg', ''),
(1777, 0, '女靴', 1762, 0, 255, 1, 'data/files/mall/gcategory/icon/1777/image.jpg', ''),
(1778, 0, '马丁靴', 1762, 0, 255, 0, 'data/files/mall/gcategory/icon/1778/image.jpg', ''),
(1779, 0, '雪地靴', 1762, 0, 255, 0, 'data/files/mall/gcategory/icon/1779/image.jpg', ''),
(1782, 0, '流行男鞋', 2, 0, 4, 0, '', ''),
(1783, 0, '休闲鞋', 1782, 0, 255, 0, 'data/files/mall/gcategory/icon/1783/image.jpg', ''),
(1784, 0, '商务休闲鞋', 1782, 0, 255, 0, 'data/files/mall/gcategory/icon/1784/image.jpg', ''),
(1785, 0, '正装鞋', 1782, 0, 255, 0, 'data/files/mall/gcategory/icon/1785/image.jpg', ''),
(1786, 0, '帆布鞋', 1782, 0, 255, 0, 'data/files/mall/gcategory/icon/1786/image.jpg', ''),
(1787, 0, '工装鞋', 1782, 0, 255, 0, 'data/files/mall/gcategory/icon/1787/image.jpg', ''),
(1788, 0, '增高鞋', 1782, 0, 255, 0, 'data/files/mall/gcategory/icon/1788/image.jpg', ''),
(1798, 0, '潮流女包', 162, 0, 255, 1, '', ''),
(1799, 0, '单肩包', 1798, 0, 255, 1, 'data/files/mall/gcategory/icon/1799/image.jpg', ''),
(1800, 0, '手提包', 1798, 0, 255, 1, 'data/files/mall/gcategory/icon/1800/image.jpg', ''),
(1801, 0, '斜挎包', 1798, 0, 255, 1, 'data/files/mall/gcategory/icon/1801/image.jpg', ''),
(1808, 0, '精品男包', 162, 0, 255, 1, '', ''),
(1810, 0, '单肩/斜挎包', 1808, 0, 255, 1, 'data/files/mall/gcategory/icon/1810/image.jpg', ''),
(1811, 0, '男士手包', 1808, 0, 255, 1, 'data/files/mall/gcategory/icon/1811/image.jpg', ''),
(1812, 0, '双肩包', 1808, 0, 255, 1, 'data/files/mall/gcategory/icon/1812/image.jpg', ''),
(1813, 0, '男士钱包', 1808, 0, 255, 1, 'data/files/mall/gcategory/icon/1813/image.jpg', ''),
(1815, 0, '钥匙包', 1808, 0, 255, 1, 'data/files/mall/gcategory/icon/1815/image.jpg', ''),
(1816, 0, '功能箱包', 162, 0, 255, 1, '', ''),
(1817, 0, '拉杆箱', 1816, 0, 255, 1, 'data/files/mall/gcategory/icon/1817/image.jpg', ''),
(1818, 0, '拉杆包', 1816, 0, 255, 1, 'data/files/mall/gcategory/icon/1818/image.jpg', ''),
(1819, 0, '旅行包', 1816, 0, 255, 1, 'data/files/mall/gcategory/icon/1819/image.jpg', ''),
(1820, 0, '电脑包', 1816, 0, 255, 1, 'data/files/mall/gcategory/icon/1820/image.jpg', ''),
(1821, 0, '休闲运动包', 1816, 0, 255, 1, 'data/files/mall/gcategory/icon/1821/image.jpg', ''),
(1823, 0, '腰包/胸包', 1816, 0, 255, 1, 'data/files/mall/gcategory/icon/1823/image.jpg', ''),
(1990, 0, '紧凑型车', 1987, 0, 255, 1, '', ''),
(1992, 0, '中大型车', 1987, 0, 255, 1, '', ''),
(1991, 0, '中型车', 1987, 0, 255, 1, '', ''),
(1840, 0, '礼品', 2572, 0, 255, 0, '', ''),
(1841, 0, '火机烟具', 1840, 0, 255, 0, '', ''),
(1842, 0, '军刀军具', 1840, 0, 255, 0, '', ''),
(1843, 0, '美妆礼品', 1840, 0, 255, 0, '', ''),
(1844, 0, '工艺礼品', 1840, 0, 255, 0, '', ''),
(1845, 0, '礼盒礼卷', 1840, 0, 255, 0, '', ''),
(1846, 0, '礼品文具', 1840, 0, 255, 0, '', ''),
(1847, 0, '收藏品', 1840, 0, 255, 0, '', ''),
(1848, 0, '古董把玩', 1840, 0, 255, 0, '', ''),
(1849, 0, '礼品定制', 1840, 0, 255, 0, '', ''),
(1850, 0, '创意礼品', 1840, 0, 255, 0, '', ''),
(1851, 0, '婚庆用品', 1840, 0, 255, 0, '', ''),
(1852, 0, '鲜花绿植', 1840, 0, 255, 0, '', ''),
(1853, 0, '京东卡', 1840, 0, 255, 0, '', ''),
(1989, 0, '小型车', 1987, 0, 255, 1, '', ''),
(1988, 0, '微型车', 1987, 0, 255, 1, '', ''),
(1999, 0, '5-8万', 1997, 0, 255, 1, '', ''),
(1998, 0, '5万以下', 1997, 0, 255, 1, '', ''),
(1997, 0, '汽车价格', 206, 0, 255, 1, '', ''),
(1996, 0, '跑车', 1987, 0, 255, 1, '', ''),
(1995, 0, 'SUV', 1987, 0, 255, 1, '', ''),
(1994, 0, 'MPV', 1987, 0, 255, 1, '', ''),
(2011, 0, '陆风', 2005, 0, 255, 1, '', ''),
(2012, 0, '上海大众', 2005, 0, 255, 1, '', ''),
(2037, 0, '美容清洗', 206, 0, 255, 1, '', ''),
(2038, 0, '车蜡', 2037, 0, 255, 1, '', ''),
(2039, 0, '镀晶镀膜', 2037, 0, 255, 1, '', ''),
(2040, 0, '补漆笔', 2037, 0, 255, 1, '', ''),
(2041, 0, '玻璃水', 2037, 0, 255, 1, '', ''),
(2042, 0, '清洁剂', 2037, 0, 255, 1, '', ''),
(2043, 0, '洗车机', 2037, 0, 255, 1, '', ''),
(2044, 0, '洗车水枪', 2037, 0, 255, 1, '', ''),
(2045, 0, '洗车配件', 2037, 0, 255, 1, '', ''),
(2579, 0, '体育用品', 2571, 0, 255, 1, NULL, NULL),
(2580, 0, '运动套装', 2577, 0, 255, 1, NULL, NULL),
(2578, 0, '运动装备', 2571, 0, 255, 1, NULL, NULL),
(2577, 0, '运动服饰', 2571, 0, 255, 1, NULL, NULL),
(2576, 0, '永生花', 2573, 0, 255, 0, NULL, NULL),
(2575, 0, '干花', 2573, 0, 255, 0, NULL, NULL),
(2573, 0, '鲜花', 2572, 0, 255, 0, NULL, NULL),
(2574, 0, '鲜花', 2573, 0, 255, 0, NULL, NULL),
(2105, 0, '尿裤湿巾', 221, 0, 255, 1, '', ''),
(2106, 0, 'NB', 2105, 0, 255, 1, '', ''),
(2107, 0, 'S', 2105, 0, 255, 1, '', ''),
(2108, 0, 'M', 2105, 0, 255, 1, '', ''),
(2109, 0, 'L', 2105, 0, 255, 1, '', ''),
(2110, 0, 'XL', 2105, 0, 255, 1, '', ''),
(2111, 0, 'XXL', 2105, 0, 255, 1, '', ''),
(2112, 0, '拉拉裤', 2105, 0, 255, 1, '', ''),
(2113, 0, '成人尿裤', 2105, 0, 255, 1, '', ''),
(2114, 0, '婴儿湿巾', 2105, 0, 255, 1, '', ''),
(2125, 0, '洗护用品', 221, 0, 255, 1, '', ''),
(2126, 0, '宝宝护肤', 2125, 0, 255, 1, '', ''),
(2127, 0, '日常护理', 2125, 0, 255, 1, '', ''),
(2128, 0, '洗发沐浴', 2125, 0, 255, 1, '', ''),
(2129, 0, '洗澡用具', 2125, 0, 255, 1, '', ''),
(2130, 0, '洗衣液/皂', 2125, 0, 255, 1, '', ''),
(2131, 0, '理发器', 2125, 0, 255, 1, '', ''),
(2132, 0, '婴儿口腔清洁', 2125, 0, 255, 1, '', ''),
(2133, 0, '坐便器', 2125, 0, 255, 1, '', ''),
(2134, 0, '驱蚊防晒', 2125, 0, 255, 1, '', ''),
(2154, 0, '童车童床', 2543, 0, 255, 1, '', ''),
(2155, 0, '安全座椅', 2154, 0, 255, 1, '', ''),
(2156, 0, '婴儿推车', 2154, 0, 255, 1, '', ''),
(2157, 0, '婴儿床', 2154, 0, 255, 1, '', ''),
(2158, 0, '婴儿床垫', 2154, 0, 255, 1, '', ''),
(2159, 0, '餐椅', 2154, 0, 255, 1, '', ''),
(2160, 0, '学步车', 2154, 0, 255, 1, '', ''),
(2161, 0, '三轮车', 2154, 0, 255, 1, '', ''),
(2162, 0, '自行车', 2154, 0, 255, 1, '', ''),
(2163, 0, '扭扭车', 2154, 0, 255, 1, '', ''),
(2164, 0, '滑板车', 2154, 0, 255, 1, '', ''),
(2165, 0, '电动车', 2154, 0, 255, 1, '', ''),
(2166, 0, '玩具', 2543, 0, 255, 1, '', ''),
(2167, 0, '适用年龄', 2166, 0, 255, 1, '', ''),
(2168, 0, '遥控/电动', 2166, 0, 255, 1, '', ''),
(2169, 0, '益智玩具', 2166, 0, 255, 1, '', ''),
(2170, 0, '积木拼插', 2166, 0, 255, 1, '', ''),
(2171, 0, '动漫玩具', 2166, 0, 255, 1, '', ''),
(2172, 0, '毛绒布艺', 2166, 0, 255, 1, '', ''),
(2173, 0, '模型玩具', 2166, 0, 255, 1, '', ''),
(2175, 0, '乐器', 2543, 0, 255, 1, '', ''),
(2176, 0, '钢琴', 2175, 0, 255, 1, '', ''),
(2177, 0, '电子琴/电钢琴', 2175, 0, 255, 1, '', ''),
(2178, 0, '吉他/尤克里里', 2175, 0, 255, 1, '', ''),
(2179, 0, '打击乐器', 2175, 0, 255, 1, '', ''),
(2180, 0, '西洋管弦', 2175, 0, 255, 1, '', ''),
(2181, 0, '民族乐器', 2175, 0, 255, 1, '', ''),
(2182, 0, '乐器配件', 2175, 0, 255, 1, '', ''),
(2546, 0, '办公耗材', 0, 0, 14, 1, '', '');

--
-- 转存表中的数据 `swd_goods`
--
delete from `swd_goods`;
INSERT INTO `swd_goods` (`goods_id`, `store_id`, `type`, `goods_name`, `description`, `content`, `cate_id`, `cate_name`, `brand`, `spec_qty`, `spec_name_1`, `spec_name_2`, `if_show`, `closed`, `close_reason`, `add_time`, `last_update`, `default_spec`, `default_image`, `long_image`, `video`, `isnew`, `recommended`, `price`, `mkprice`, `tags`, `dt_id`) VALUES
(1, 2, 'material', '三星（SAMSUNG）UA55MUF30ZJXXZ 55英寸 4K超高清 智能网络 液晶平板电视 黑色', '<p>\r\n	<img src=\"{base_url}/data/files/store_2/goods/20181121160722364.png\" alt=\"201805071556341101.png\" /> \r\n</p>\r\n<p>\r\n	<img src=\"{base_url}/data/files/store_2/goods/20181121160722486.png\" alt=\"201805071556342163.png\" /> \r\n</p>\r\n<p>\r\n	<img src=\"{base_url}/data/files/store_2/goods/20181121160721880.png\" alt=\"201805071556336963.png\" /> \r\n</p>\r\n<p>\r\n	<br />\r\n</p>', '', 1217, '家用电器	大家电	平板电视', '三星', 1, '尺寸', '', 1, 0, '', 1542759050, 1652291186, 253, 'data/files/store_2/goods/20181121161206467.jpg', '', '', 0, 1, '4500.00', '0.00', '', 1),
(2, 2, 'material', '索尼（SONY）KD-55A8F 55英寸 OLED 4K HDR安卓7.0智能电视（黑色）', '<p>\r\n	<img src=\"{base_url}/data/files/store_2/goods/20181121162513368.png\" alt=\"201805071545044509.png\" /> \r\n</p>\r\n<p>\r\n	<img src=\"{base_url}/data/files/store_2/goods/20181121162513582.png\" alt=\"201805071544409733.png\" /> \r\n</p>\r\n<p>\r\n	<img src=\"{base_url}/data/files/store_2/goods/20181121162512458.png\" alt=\"201805071544407096.png\" /> \r\n</p>\r\n<p>\r\n	<br />\r\n</p>', '', 1217, '家用电器、五金	大家电	平板电视', 'SONY', 0, '', '', 1, 0, '', 1542759937, 1542760043, 2, 'data/files/store_2/goods/20181121162709932.jpg', '', '', 0, 1, '12999.00', '0.00', '', 1),
(3, 2, 'material', '康佳（KONKA）B55U 55英寸4K超高清31核金属边框HDR智能液晶平板电视', '<p>\r\n	<img src=\"{base_url}/data/files/store_2/goods/20181121163002627.png\" alt=\"201805071533192373.png\" /> \r\n</p>\r\n<p>\r\n	<img src=\"{base_url}/data/files/store_2/goods/20181121163002390.png\" alt=\"201805071533199844.png\" /> \r\n</p>\r\n<p>\r\n	<img src=\"{base_url}/data/files/store_2/goods/20181121163002368.png\" alt=\"201805071533192897.png\" /> \r\n</p>\r\n<p>\r\n	<br />\r\n</p>', '', 1217, '家用电器	大家电	平板电视', '康佳', 2, '尺寸', '颜色', 1, 0, NULL, 1542760267, 1621369170, 160, 'data/files/store_2/goods/20181121163057182.jpg', '', '', 0, 1, '5000.00', '0.00', '', 1),
(4, 2, 'material', 'Gree/格力 KFR-35GW/(35592)Da-3 大1.5匹定频冷暖空调挂机品圆', '<img src=\"{base_url}/data/files/store_2/goods/20181121165050398.png\" alt=\"O1CN011cOiiwWSxiKHFqs_!!3079263591_01.png\" />', '', 1218, '家用电器、五金	大家电	空调', '', 0, '', '', 1, 0, NULL, 1542760514, 1542778120, 4, 'data/files/store_2/goods/20181121212828709.jpg', '', '', 0, 1, '3699.00', '0.00', '', 1),
(5, 2, 'material', 'AUX/奥克斯 KFR-35GW/NFI19+3大1.5匹冷暖定频壁挂式家用空调挂机', '<img src=\"{base_url}/data/files/store_2/goods/20181121165510485.jpg\" alt=\"O1CN01fLoyTY28Qc5NmejFc_!!1035757927.jpg\" />', '', 1218, '家用电器	大家电	空调', '', 1, '尺寸', '', 1, 0, NULL, 1542761718, 1623095755, 197, 'data/files/store_2/goods/20181121212703151.jpg', '', '', 0, 1, '2999.00', '0.00', '', 1),
(6, 2, 'material', 'MIJIA/米家KFR-35GW-B1ZM-M3小米大1.5P变频冷暖静音挂机智能空调', '<img src=\"{base_url}/data/files/store_2/goods/20181121165719527.jpg\" alt=\"O1CN0129zFeIqiZbJH0sq_!!1714128138.jpg\" />', '', 1218, '家用电器、五金	大家电	空调', '小米', 0, '', '', 1, 0, NULL, 1542761845, 1542777946, 6, 'data/files/store_2/goods/20181121212543181.jpg', '', '', 0, 1, '2849.00', '0.00', '', 1),
(7, 2, 'material', 'Haier/海尔 BCD-206STPA 206升三门冷藏小型家用节能小冰箱软冷冻', '<img src=\"{base_url}/data/files/store_2/goods/20181121165944433.jpg\" alt=\"TB2WDmLaNb9F1JjSZFqXXbotVXa-470168984.jpg\" />', '', 1219, '家用电器、五金	大家电	冰箱', '海尔', 0, '', '', 1, 0, NULL, 1542761989, 1542779286, 7, 'data/files/store_2/goods/20181121212339738.jpg', '', '', 0, 1, '3499.00', '0.00', '', 1),
(8, 2, 'material', 'Midea/美的 BCD-213TM(E) 节能静音家用三开门小冰箱小型电冰箱', '<img src=\"{base_url}/data/files/store_2/goods/20181121170845820.jpg\" alt=\"TB2JkZtw1uSBuNjy1XcXXcYjFXa_!!2616970884.jpg\" />', '', 1219, '家用电器、五金	大家电	冰箱', '美的', 0, '', '', 1, 0, NULL, 1542762532, 1542782057, 8, 'data/files/store_2/goods/20181121212111597.jpg', '', '', 0, 1, '4499.00', '0.00', '', 1),
(9, 2, 'material', '蓝月亮 洗衣液8斤套装 洁净3kg*1瓶 500g*2袋装 家庭装', '<p style=\"text-align: center;\"><img src=\"{base_url}/data/files/store_2/goods/20230307150345942.jpg\" alt=\"\" data-href=\"\" style=\"width: 100%;\"><img src=\"{base_url}/data/files/store_2/goods/20230307150418494.jpg\" alt=\"\" data-href=\"\" style=\"width: 100%;\"></p>', '', 2600, '本地优选 个护清洁', '', 0, '', '', 1, 0, '', 1623783649, 1678143872, 278, 'data/files/store_2/goods/20230307150330367.thumb.jpg', '', '', 1, 1, '49.00', '0.00', '', 1),
(10, 2, 'material', 'Haier/海尔 EG7012B29W 静音消毒洗 超薄机身 BLDC变频', '', '', 1220, '家用电器、五金	大家电	洗衣机', '海尔', 0, '', '', 1, 0, NULL, 1542778238, 1542782080, 10, 'data/files/store_2/goods/20181121213021455.jpg', '', '', 0, 1, '4699.00', '0.00', '', 1),
(11, 2, 'material', 'Midea/美的DJ118抽油烟机侧吸式壁挂吸油烟机厨房家用特价大吸力', '', '', 1305, '家用电器、五金	厨卫大电	油烟机', '美的', 0, '', '', 1, 0, NULL, 1542778370, 1542782101, 11, 'data/files/store_2/goods/20181121213244147.jpg', '', '', 0, 1, '4399.00', '0.00', '', 1),
(12, 2, 'material', '2018秋冬新款立领荷叶花边雪纺长袖加绒衬衫女装职业OL木耳白衬衣', '<p>\r\n	<img src=\"{base_url}/data/files/store_2/goods/20181121214303347.jpg\" alt=\"O1CN011py4J4wGjzEx042_!!2102385428.jpg\" width=\"790\" height=\"1482\" /> \r\n</p>\r\n<p>\r\n	<img src=\"{base_url}/data/files/store_2/goods/20181121214606668.jpg\" alt=\"O1CN011py4J38gySOV4Pf_!!2102385428.jpg\" /> \r\n</p>', '', 1570, '女装	女装	雪纺衫', '', 0, '', '', 1, 0, NULL, 1542778999, 1542782123, 12, 'data/files/store_2/goods/20181121214200514.jpg', '', '', 0, 1, '300.00', '0.00', '', 1),
(13, 2, 'material', '2018秋冬新款韩版亮丝网纱加绒打底衫长袖女闪光丝蕾丝上衣雪纺衫', '<img src=\"{base_url}/data/files/store_2/goods/20181121215124255.jpg\" alt=\"O1CN011lqxh7vwnJYQlic_!!848414871.jpg\" />', '', 1570, '女装	女装	雪纺衫', '', 0, '', '', 1, 0, NULL, 1542779523, 1542782141, 13, 'data/files/store_2/goods/20181121215053864.jpg', '', '', 0, 1, '499.00', '0.00', '', 1),
(14, 2, 'material', '纯棉格子保暖衬衫 女长袖秋冬加绒加厚韩范修身打底大码女装衬衣', '<img src=\"{base_url}/data/files/store_2/goods/20181121215548819.jpg\" alt=\"TB2EXARXjnyQeBjSszbXXbCxVXa_!!864939067.jpg\" /><img src=\"{base_url}/data/files/store_2/goods/20181121215548105.jpg\" alt=\"TB2Eh1faekJL1JjSZFmXXcw0XXa_!!864939067.jpg\" />', '', 1571, '女装	女装	衬衫', '', 0, '', '', 1, 0, NULL, 1542779762, 1542782158, 14, 'data/files/store_2/goods/20181121215535534.jpg', '', '', 0, 1, '220.00', '0.00', '', 1),
(15, 2, 'material', '纯棉格子保暖衬衫 女长袖秋冬加绒加厚韩范修身打底大码女装衬衣', '', '', 1571, '服装鞋帽 女装 衬衫', '', 0, '', '', 1, 0, NULL, 1542779924, 1664474820, 266, 'data/files/store_2/goods/20181121215835874.jpg', '', '', 0, 1, '44.00', '0.00', '', 0),
(16, 2, 'material', '2018秋冬小脚运动裤子女宽松韩版显瘦哈伦裤加绒加厚休闲学生长裤', '', '', 1572, '女装	女装	休闲裤', '', 0, '', '', 1, 0, NULL, 1542780046, 1542782183, 16, 'data/files/store_2/goods/20181121220037806.jpg', '', '', 0, 1, '280.00', '0.00', '', 1),
(17, 2, 'material', '七格格高腰半身裙2018新款时尚灯芯绒a字裙子韩版学生短裙女秋冬', '', '', 1581, '女装	女装	短裙', '', 0, '', '', 1, 0, NULL, 1542780205, 1542782198, 17, 'data/files/store_2/goods/20181121220320276.jpg', '', '', 0, 1, '290.00', '0.00', '', 1),
(18, 2, 'material', '短裙秋冬装女2018新款韩版百搭毛呢高腰修身显瘦包臀a字半身裙', '', '', 1581, '女装	女装	短裙', '', 0, '', '', 1, 0, NULL, 1542780335, 1542782220, 18, 'data/files/store_2/goods/20181121220446153.jpg', '', '', 0, 1, '380.00', '0.00', '', 1),
(19, 2, 'material', 'G2000衬衫男长袖防皱商务男装 工作休闲正装衣服修身薄款白色衬衣', '', '', 1607, '男装	男装	针织衫', '', 0, '', '', 1, 0, NULL, 1542780490, 1542782236, 19, 'data/files/store_2/goods/20181121220804979.jpg', '', '', 0, 1, '200.00', '0.00', '', 1),
(20, 2, 'material', 'G2000衬衫男长袖防皱商务男装 工作休闲正装衣服修身薄款白色衬衣', '', '', 1610, '男装	男装	POLO衫', '', 0, '', '', 1, 0, NULL, 1542780686, 1542782251, 20, 'data/files/store_2/goods/20181121221014676.jpg', 'data/files/mall/evaluate/20220217163235537.jpg', '', 0, 1, '230.00', '0.00', '', 1),
(21, 2, 'material', '华为honor/荣耀 荣耀8X全面屏手机屏占比高达91%全网通4G智能学生青春官网全新正品官方旗舰店', '<img src=\"{base_url}/data/files/store_2/goods/20181121221648239.jpg\" alt=\"O1CN011PMo5IXY6Kga1Gi_!!1114511827.jpg\" />', '', 1229, '手机	手机通讯	手机', '', 0, '', '', 1, 0, '', 1542781016, 1542782267, 21, 'data/files/store_2/goods/20181121221617232.jpg', '', '', 0, 1, '5499.00', '0.00', '', 1),
(22, 2, 'material', '华为荣耀 荣耀play旗舰店paly 10新荣耀piay手机新款plαy官方8x正品v10新品plya', '<img src=\"{base_url}/data/files/store_2/goods/20181121222039772.jpg\" alt=\"TB2TfCEhTCWBKNjSZFtXXaC3FXa_!!2215302589.jpg\" /><img src=\"{base_url}/data/files/store_2/goods/20181121222039825.jpg\" alt=\"TB2mr3av49YBuNjy0FfXXXIsVXa_!!2215302589.jpg\" />', '', 1229, '手机	手机通讯	手机', '', 0, '', '', 1, 0, '', 1542781249, 1542782281, 22, 'data/files/store_2/goods/20181121221946571.jpg', '', '', 0, 1, '7699.00', '0.00', '', 1),
(23, 2, 'material', '当天发货 vivo Z1手机正品 vivoz1 青春限量版 双十一vivox21 z1i x23 y97 x20 x9 voviz1手机官方旗舰店官', '<img src=\"{base_url}/data/files/store_2/goods/20181121222413488.jpg\" alt=\"TB2VI2bEf5TBuNjSspmXXaDRVXa_!!1864868535.jpg\" /><img src=\"{base_url}/data/files/store_2/goods/20181121222429450.jpg\" alt=\"TB2vLuXEgmTBuNjy1XbXXaMrVXa_!!1864868535.jpg\" />', '', 1229, '手机	手机通讯	手机', '', 0, '', '', 1, 0, '', 1542781475, 1542782294, 23, 'data/files/store_2/goods/20181121222347420.jpg', '', '', 0, 1, '7598.00', '0.00', '', 1),
(24, 2, 'material', '【22日下单减200低至2799】Xiaomi/小米 MIX2S 6+128G全面屏骁龙845智能小米官方旗舰正品降价', '', '', 1229, '手机数码	手机通讯	手机', '小米', 0, '', '', 1, 0, '', 1542781776, 1610053685, 24, 'data/files/store_2/goods/20181121222733481.jpg', '', '', 0, 1, '8999.00', '0.00', '', 1),
(25, 2, 'material', '【现货！领券减4G+64GG送手环】Xiaomi/小米 红米Note 4X 32G红米4x手机5色官方64G智能手机 5.5寸超长note4X', '<img src=\"{base_url}/data/files/store_2/goods/20181121224001510.jpg\" alt=\"TB2Wk2LfYBkpuFjy1zkXXbSpFXa_!!742644724.jpg\" />', '', 1229, '手机数码	手机通讯	手机', '小米', 2, '机身颜色', '尺码', 1, 0, '', 1542782412, 1610561673, 27, 'data/files/store_2/goods/20181121223950247.jpg', '', '', 0, 1, '5100.00', '0.00', '前置摄像头500万像素，超大视角全面屏，前置摄像头500万像素，超大视角全面屏，推荐购买！！', 1),
(26, 2, 'material', 'OPPO Reno4 SE 65W闪充 5G游戏拍照手机opporeno4se 超闪蓝 全网通8GB 128GB', '<p>Oppo</p><p><img src=\"{base_url}/data/files/store_2/goods/20201213155659517.jpg\"><img src=\"{base_url}/data/files/store_2/goods/20201213160140496.jpg\"><img src=\"{base_url}/data/files/store_2/goods/20201213160145559.jpg\"></p>', 'Oppo', 1229, '手机数码 手机通讯 手机', '三星', 4, '颜色', '版本', 0, 0, '', 1542782543, 1645295326, 233, 'data/files/store_2/goods/20201213155216195.jpg.thumb.jpg', '', '', 0, 0, '7900.00', '0.00', '', 0),
(27, 2, 'material', '花花公子长袖T恤男士2020秋冬季韩版潮牌休闲百搭立领t恤打底衫服饰上衣服男装 1814黑色四季款 XL', '<img src=\"{base_url}/data/files/store_2/goods/20201213171653682.jpg\" alt=\"9b3b7bdd95bf0762.jpg\" /><img src=\"{base_url}/data/files/store_2/goods/20201213171653527.jpg\" alt=\"e6c874fced21323f.jpg\" /><img src=\"{base_url}/data/files/store_2/goods/20201213171653388.jpg\" alt=\"50a957bb76c5f507.jpg\" /><img src=\"{base_url}/data/files/store_2/goods/20201213171653707.jpg\" alt=\"7927c33909d1a50a.jpg\" />', '', 1603, '服装鞋帽	男装	T恤', '', 2, '颜色', '尺码', 1, 0, NULL, 1607822231, 1669316823, 40, 'data/files/store_2/goods/20201213171639312.jpg.thumb.jpg', '', '', 0, 1, '339.00', '0.00', '', 57),
(28, 2, 'material', '吉普JEEP长袖T恤男休闲翻领体恤衫男装秋季厚款上衣polo衫男 8037黑色 L', '<img src=\"{base_url}/data/files/store_2/goods/20201213172417140.jpg\" alt=\"d913e5c5ddc91ba5.jpg\" /><img src=\"{base_url}/data/files/store_2/goods/20201213172417649.jpg\" alt=\"27da1784210fbc9e.jpg\" /><img src=\"{base_url}/data/files/store_2/goods/20201213172417365.jpg\" alt=\"4242e1871684d7ca.jpg\" />', '', 1603, '服装鞋帽	男装	T恤', '', 0, '', '', 1, 0, NULL, 1607822665, 1610304540, 46, 'data/files/store_2/goods/20201213172404905.jpg.thumb.jpg', '', '', 0, 1, '353.00', '0.00', '', 1),
(29, 2, 'material', '宾宇兄弟【纯棉2件套】长袖T恤男2020秋季小衫 潮牌体恤男装衣服 男士上衣打底衫秋装 小SE白+小飞鹰灰', '<img src=\"{base_url}/data/files/store_2/goods/20201213172813565.jpg\" alt=\"dafe418dc6f75762.jpg\" /><img src=\"{base_url}/data/files/store_2/goods/20201213172813804.jpg\" alt=\"b3b957c00d75d551.jpg\" /><img src=\"{base_url}/data/files/store_2/goods/20201213172813561.jpg\" alt=\"f03d4b00b0213bd2.jpg\" />', '', 1603, '服装鞋帽	男装	T恤', '百丽', 0, '', '', 1, 0, NULL, 1607822901, 1607822901, 47, 'data/files/store_2/goods/20201213172804345.jpg.thumb.jpg', '', '', 0, 1, '259.00', '0.00', '', 1),
(30, 2, 'material', '贵兰姿（Guilanzi）秋冬毛呢大衣女装双面羊绒灯笼袖收腰中长款新品学生呢子外套女士 米白色 M（105-125斤）', '<img src=\"{base_url}/data/files/store_2/goods/20201213173441375.jpg\" alt=\"4bfa725cfc4f1a59.jpg\" /><img src=\"{base_url}/data/files/store_2/goods/20201213173441366.jpg\" alt=\"01a561e5250536c2.jpg\" />', '', 1570, '服装鞋帽	女装	雪纺衫', '', 0, '', '', 1, 0, NULL, 1607823288, 1665513803, 48, 'data/files/store_2/goods/20201213173432104.jpg.thumb.jpg', '', '', 0, 1, '238.00', '0.00', '', 1),
(31, 2, 'material', '【两件装】恋着你女装t恤女短袖女宽松大码女装2020夏季新款两件装纯棉百搭韩版印花时尚打底T恤', '<img src=\"{base_url}/data/files/store_2/goods/20201213173924351.jpg\" alt=\"851fbf441049dc48.jpg\" /><img src=\"{base_url}/data/files/store_2/goods/20201213173924807.jpg\" alt=\"bfbbe1eace431722.jpg\" />', '', 1213, '服装鞋帽	女装	T恤', '', 0, '', '', 1, 0, NULL, 1607823589, 1607823589, 49, 'data/files/store_2/goods/20201213173908887.jpg.thumb.jpg', '', '', 0, 1, '299.90', '0.00', '', 1),
(32, 2, 'material', '佐马仕 长袖衬衫女商务休闲职业装白色正装女士衬衣工作服定制上衣V领修身OL百搭大码酒店4s店工装 V1119湖蓝斜条纹（V领）', '<img src=\"{base_url}/data/files/store_2/goods/20201213174914991.jpg\" alt=\"5a9f5c7aN37200de7.jpg\" /><img src=\"{base_url}/data/files/store_2/goods/20201213174914763.jpg\" alt=\"5a9f5ca6N884d733f.jpg\" /><img src=\"{base_url}/data/files/store_2/goods/20201213174914683.jpg\" alt=\"5a9f5a21Nab93d732.jpg\" /><img src=\"{base_url}/data/files/store_2/goods/20201213174914876.jpg\" alt=\"5a9f5a21N447fdfce.jpg\" />', '', 1571, '服装鞋帽	女装	衬衫', '', 2, '颜色', '尺码', 1, 0, NULL, 1607824168, 1610302700, 105, 'data/files/store_2/goods/20201213174903249.jpg.thumb.jpg', '', '', 0, 1, '169.00', '0.00', '', 1),
(33, 2, 'material', '维迩旎 2020冬季女装韩版蕾丝花边立领加绒加厚衬衫棉打底衬衣外套 WLPBTCS71 花边加绒 M', '<img src=\"{base_url}/data/files/store_2/goods/20201214124432758.jpg\" alt=\"fad1105281c9fe4a.jpg\" /><img src=\"{base_url}/data/files/store_2/goods/20201214124432401.jpg\" alt=\"bb0c24821d56810a.jpg\" /><img src=\"{base_url}/data/files/store_2/goods/20201214124431327.jpg\" alt=\"0faa9dacef136a73.jpg\" />', '', 1571, '服装鞋帽	女装	衬衫', '', 2, '颜色', '尺码', 1, 0, NULL, 1607892281, 1607991695, 91, 'data/files/store_2/goods/20201214124421207.jpg.thumb.jpg', '', '', 0, 1, '139.00', '0.00', '', 1),
(34, 2, 'material', '伊雅露莎长袖加绒衬衫女防走光保暖衬衣职业装工作服打底寸衫女面试工衣2109Z 加绒 白色衬衫 偏小 L', '<img src=\"{base_url}/data/files/store_2/goods/20201214124900637.jpg\" alt=\"67169e86f3a85673.jpg\" /><img src=\"{base_url}/data/files/store_2/goods/20201214124900889.jpg\" alt=\"955a579c66bd0785.jpg\" /><img src=\"{base_url}/data/files/store_2/goods/20201214124900469.jpg\" alt=\"4ee5cf757b90d6cf.jpg\" />', '', 1571, '服装鞋帽	女装	衬衫', '', 2, '颜色', '尺码', 1, 0, NULL, 1607892554, 1607991613, 87, 'data/files/store_2/goods/20201214124844149.jpg.thumb.jpg', '', '', 0, 1, '288.00', '0.00', '', 1),
(35, 2, 'material', '法国COW男包商务公文包 男士时尚休闲手提包单肩斜挎电脑包旅行背包 C-8610公文包 黑色', '<img src=\"{base_url}/data/files/store_2/goods/20201214160111123.jpg\" alt=\"89c1d637ae230a47.jpg\" /><img src=\"{base_url}/data/files/store_2/goods/20201214160111348.jpg\" alt=\"e07ab6eec32e76f5.jpg\" />', '', 1809, '箱包皮具	精品男包	商务公文包', '', 1, '颜色', '', 1, 0, NULL, 1607904081, 1610304410, 84, 'data/files/store_2/goods/20201214160051403.jpg.thumb.jpg', '', '', 0, 1, '199.00', '0.00', '', 1),
(36, 2, 'material', '小米Redmi 红米Note9 pro 5G 学生老人智能手机 碧海星辰 6 128GB', '<p></p><p><img src=\"{base_url}/data/files/store_2/goods/20201214160927426.jpg\"><img src=\"{base_url}/data/files/store_2/goods/20201214160927657.jpg\"><img src=\"{base_url}/data/files/store_2/goods/20201214160927887.jpg\"></p>', '', 1229, '手机数码 手机通讯 手机', '小米', 9, '颜色', '版本', 0, 0, '', 1607904431, 1653030224, 224, 'data/files/store_2/goods/20201214160651826.jpg.thumb.jpg', 'data/files/store_2/goods/long-36.jpg', '', 0, 1, '4599.00', '0.00', '', 0),
(37, 2, 'material', 'Skechers斯凯奇炫彩网布拼接女鞋老爹鞋熊猫鞋 复古厚底休闲鞋13144 白色/多彩色/WMLT 37', '<img src=\"{base_url}/data/files/store_2/goods/20201214162205474.jpg\" alt=\"f319c5030dfd8be4.jpg\" /><img src=\"{base_url}/data/files/store_2/goods/20201214162205220.jpg\" alt=\"2ae70feaf65ae79e.jpg\" />', '', 1764, '服装鞋帽	时尚女鞋	休闲鞋', '', 2, '颜色', '尺码', 1, 0, NULL, 1607905332, 1673373503, 97, 'data/files/store_2/goods/20201214162152545.jpg.thumb.jpg', '', '', 1, 1, '439.00', '0.00', '', 1),
(38, 2, 'material', '奥古狮登老爹鞋女ins潮2020冬季新款百搭熊猫鞋松糕底网红运动休闲女鞋 20176灰黑 37', '<img src=\"{base_url}/data/files/store_2/goods/20201214165732350.jpg\" alt=\"fe68e8b2dcaf34d7.jpg\" /><img src=\"{base_url}/data/files/store_2/goods/20201214165732538.jpg\" alt=\"21e1812bf5cbc011.jpg\" /><img src=\"{base_url}/data/files/store_2/goods/20201214165732191.jpg\" alt=\"195686e226b5ea42.jpg\" />', '', 1764, '服装鞋帽	时尚女鞋	休闲鞋', '', 2, '颜色', '尺码', 1, 0, NULL, 1607907463, 1607991274, 66, 'data/files/store_2/goods/20201214165720770.jpg.thumb.jpg', '', '', 0, 1, '229.00', '0.00', '', 1),
(39, 2, 'material', 'ECCO爱步时尚平跟切尔西靴女冬 防滑舒适百搭套筒短靴 型塑266503', '<img src=\"{base_url}/data/files/store_2/goods/20201214171753880.jpg\" alt=\"89277f0e932de6f7.jpg\" /><img src=\"{base_url}/data/files/store_2/goods/20201214171752436.jpg\" alt=\"157a8627b9c07382.jpg\" /><img src=\"{base_url}/data/files/store_2/goods/20201214171752645.jpg\" alt=\"61be32e91edfc6c6.jpg\" />', '', 1777, '服装鞋帽	时尚女鞋	女靴', '', 2, '颜色', '尺码', 1, 0, NULL, 1607908708, 1616893127, 57, 'data/files/store_2/goods/20201214171824101.jpg.thumb.jpg', '', '', 0, 1, '100.00', '0.00', '', 1),
(40, 2, 'material', 'Apple iPhone 12 Pro Max (A2412) 256GB 海蓝色 支持移动联通电信5G 双卡双待手机', '<img src=\"{base_url}/data/files/store_2/goods/20210201115847877.jpg\" alt=\"5be9108f28a06b69 (1).jpg\" />', '', 1229, '手机数码	手机通讯	手机', '', 2, '机身颜色', '存储容量', 1, 0, NULL, 1612122215, 1645295921, 113, 'data/files/store_2/goods/20210201114323599.jpg.thumb.jpg', '', '', 1, 1, '9299.00', '0.00', '', 1),
(41, 2, 'material', 'Apple iPhone 11 (A2223) 128GB 紫色 移动联通电信4G手机 双卡双待', '<img src=\"{base_url}/data/files/store_2/goods/20210201120909174.png\" alt=\"af0a3a0ac16b6bb2.png\" />', '', 1229, '手机数码	手机通讯	手机', '', 2, '机身颜色', '存储容量', 1, 0, NULL, 1612123762, 1612123762, 119, 'data/files/store_2/goods/20210201120701925.jpg.thumb.jpg', '', '', 0, 1, '4849.00', '0.00', '', 1),
(42, 2, 'material', 'Apple iPhone SE (A2298) 128GB 黑色 移动联通电信4G手机', '<img src=\"{base_url}/data/files/store_2/goods/20210201121651337.jpg\" alt=\"df4ccd531452bc08222222.jpg\" /><img src=\"{base_url}/data/files/store_2/goods/20210201121651513.jpg\" alt=\"df4ccd531452bc08222.jpg\" />', '', 1229, '手机数码	手机通讯	手机', '', 2, '机身颜色', '存储容量', 1, 0, NULL, 1612124006, 1612124224, 125, 'data/files/store_2/goods/20210201121241297.jpg.thumb.jpg', '', '', 0, 1, '3799.00', '0.00', '', 1),
(43, 2, 'material', 'Apple iPad Air 10.9英寸 平板电脑（ 2020年新款 256G WLAN版/A14芯片/触控ID/全面屏MYFY2CH/A）天蓝色', '<img src=\"{base_url}/data/files/store_2/goods/20210201164437319.jpg\" alt=\"73ae76072e31ce7b_01.jpg\" /><img src=\"{base_url}/data/files/store_2/goods/20210201164437562.jpg\" alt=\"73ae76072e31ce7b_02.jpg\" /><img src=\"{base_url}/data/files/store_2/goods/20210201164437536.jpg\" alt=\"73ae76072e31ce7b_03.jpg\" /><img src=\"{base_url}/data/files/store_2/goods/20210201164437359.jpg\" alt=\"73ae76072e31ce7b_04.jpg\" /><img src=\"{base_url}/data/files/store_2/goods/20210201164437629.jpg\" alt=\"73ae76072e31ce7b_05.jpg\" /><img src=\"{base_url}/data/files/store_2/goods/20210201164438596.jpg\" alt=\"73ae76072e31ce7b_07.jpg\" /><img src=\"{base_url}/data/files/store_2/goods/20210201164438147.jpg\" alt=\"73ae76072e31ce7b_06.jpg\" /><img src=\"{base_url}/data/files/store_2/goods/20210201164438408.jpg\" alt=\"73ae76072e31ce7b_08.jpg\" /><img src=\"{base_url}/data/files/store_2/goods/20210201164438964.jpg\" alt=\"73ae76072e31ce7b_09.jpg\" />', '', 1229, '手机数码	手机通讯	手机', '', 2, '机身颜色', '存储容量', 1, 0, NULL, 1612140119, 1644688979, 131, 'data/files/store_2/goods/20210201164420438.jpg.thumb.jpg', '', '', 1, 1, '5499.00', '0.00', '', 1),
(44, 2, 'material', 'Apple iPhone 11 (A2223) 64GB 黄色 移动联通电信4G手机 双卡双待', '<img src=\"{base_url}/data/files/store_2/goods/20210201171906385.jpg\" alt=\"af0a3a0ac16b6bb2-(1)_01.jpg\" /><img src=\"{base_url}/data/files/store_2/goods/20210201171906486.jpg\" alt=\"af0a3a0ac16b6bb2-(1)_02.jpg\" /><img src=\"{base_url}/data/files/store_2/goods/20210201171906114.jpg\" alt=\"af0a3a0ac16b6bb2-(1)_03.jpg\" /><img src=\"{base_url}/data/files/store_2/goods/20210201171906889.jpg\" alt=\"af0a3a0ac16b6bb2-(1)_04.jpg\" />', '', 1229, '手机数码	手机通讯	手机', '', 2, '颜色', '内存', 1, 0, NULL, 1612142357, 1644688995, 138, 'data/files/store_2/goods/20210201171847153.jpg.thumb.jpg', '', '', 0, 0, '949.00', '0.00', '', 1),
(45, 2, 'material', 'Apple 采用Lightning/闪电接头的 EarPods 耳机 iPhone iPad 耳机 手机耳机', '<img src=\"{base_url}/data/files/store_2/goods/20210201172944483.jpg\" alt=\"a8b7556d1d02682b_01.jpg\" /><img src=\"{base_url}/data/files/store_2/goods/20210201172944506.jpg\" alt=\"a8b7556d1d02682b_02.jpg\" /><img src=\"{base_url}/data/files/store_2/goods/20210201172944432.jpg\" alt=\"a8b7556d1d02682b_03.jpg\" />', '', 1252, '手机数码	手机配件	手机耳机', '', 2, '颜色', '版本', 1, 0, NULL, 1612142991, 1644688898, 151, 'data/files/store_2/goods/20210201172926685.jpg.thumb.jpg', '', 'data/files/mall/video/v.g45.mp4', 0, 0, '259.00', '0.00', '', 1),
(46, 2, 'material', 'Apple AirPods Pro 主动降噪无线蓝牙耳机 适用iPhone/iPad/Apple Watch', '<p>\r\n	<img src=\"{base_url}/data/files/store_2/goods/20210201173435150.jpg\" /><img src=\"{base_url}/data/files/store_2/goods/20210201173435769.jpg\" /><img src=\"{base_url}/data/files/store_2/goods/20210201173435553.jpg\" /><img src=\"{base_url}/data/files/store_2/goods/20210201173435468.jpg\" /><img src=\"{base_url}/data/files/store_2/goods/20210201173435158.jpg\" /><img src=\"{base_url}/data/files/store_2/goods/20210201173435932.jpg\" /><img src=\"{base_url}/data/files/store_2/goods/20210201173436518.jpg\" /><img src=\"{base_url}/data/files/store_2/goods/20210201173436554.jpg\" /><img src=\"{base_url}/data/files/store_2/goods/20210201173436845.jpg\" /> \r\n</p>', '', 1249, '手机数码	手机配件	蓝牙耳机', '', 2, '颜色', '版本', 1, 0, NULL, 1612143296, 1668365769, 238, 'data/files/store_2/goods/20210201173420680.jpg.thumb.jpg', '', 'data/files/mall/video/v.g46.mp4', 1, 1, '1639.98', '0.00', '', 1),
(47, 2, 'material', '【次日自提】海南热带软糯大香蕉500g ± 10g / 份', '<img src=\"{base_url}/data/files/store_2/goods/20210604154159306.jpg\" alt=\"微信图片_20210604151837.jpg\" />', '', 2592, '本地优选	新鲜蔬菜', '', 0, '', '', 1, 0, '', 1622763727, 1652232611, 252, 'data/files/store_2/goods/20210604152347606.jpg.thumb.jpg', '', '', 0, 1, '12.00', '0.00', '', 1),
(48, 2, 'material', '【次日自提】海南小台农芒果500g±50g/盒', '<img src=\"{base_url}/data/files/store_2/goods/20210604154550864.jpg\" alt=\"微信图片_20210604153445.jpg\" /><img src=\"{base_url}/data/files/store_2/goods/20210604154550407.jpg\" alt=\"微信图片_20210604153441.jpg\" /><img src=\"{base_url}/data/files/store_2/goods/20210604154550633.jpg\" alt=\"微信图片_20210604153436.jpg\" />', '', 2593, '本地优选	时令水果', '', 0, '', '', 1, 0, '', 1622763963, 1622773519, 165, 'data/files/store_2/goods/20210604154534759.jpg.thumb.jpg', '', '', 0, 1, '1.99', '0.00', '', 1),
(49, 2, 'material', '爱仕达（ASD）不生锈炒锅 家系列套装PH02A2J 2件/套', '<p><br></p>', '', 2601, '本地优选 日用百货', '海尔', 0, '', '', 1, 0, '', 1623784002, 1678143783, 277, 'data/files/store_2/goods/20230307150257603.thumb.jpg', '', '', 0, 1, '400.00', '700.00', '', 2),
(50, 2, 'material', '【次日自提】管师傅打塔皮600g/袋（30个装）', '<img src=\"{base_url}/data/files/store_2/goods/20210604155850931.jpg\" alt=\"微信图片_20210604155801.jpg\" /><img src=\"{base_url}/data/files/store_2/goods/20210604155850878.jpg\" alt=\"微信图片_20210604155758.jpg\" /><img src=\"{base_url}/data/files/store_2/goods/20210604155850915.jpg\" alt=\"微信图片_20210604155808.jpg\" />', '', 2597, '本地优选	速食冻品', '', 0, '', '', 1, 0, '', 1622764793, 1622773495, 167, 'data/files/store_2/goods/20210604155831514.jpg.thumb.jpg', '', '', 0, 1, '11.80', '0.00', '', 1),
(51, 2, 'material', '【次日自提】三全饺子100g/200g（三鲜 香菇猪肉口味）', '<p></p><p><img src=\"{base_url}/data/files/store_2/goods/20210604160856403.jpg\"><img src=\"{base_url}/data/files/store_2/goods/20210604160857550.jpg\"><img src=\"{base_url}/data/files/store_2/goods/20210604160857530.jpg\"><img src=\"{base_url}/data/files/store_2/goods/20210604160857396.jpg\"></p>', '', 2597, '本地优选 速食冻品', '', 0, '', '', 1, 0, '', 1622765355, 1629323763, 208, 'data/files/store_2/goods/20210604182845759.jpg.thumb.jpg', '', '', 0, 1, '11.90', '0.00', '', 0),
(52, 2, 'material', '家加健 高级跳绳  多色可选 家庭健身 耐磨寿命长 防绕设计', '<p><br></p>', '', 2601, '本地优选 日用百货', '', 1, '颜色', '', 1, 0, '', 1623784386, 1678143729, 275, 'data/files/store_2/goods/20230307150107885.thumb.jpg', 'data/files/store_2/goods/long-68.jpg', '', 0, 1, '25.00', '80.00', '', 2),
(53, 2, 'material', '【特惠装】鲁花5s压榨一级花生油中国味鲁花香', '<img src=\"{base_url}/data/files/store_2/goods/20210604161937609.png\" alt=\"微信图片_202106041616475.png\" /><img src=\"{base_url}/data/files/store_2/goods/20210604161937201.jpg\" alt=\"微信图片_202106041616476.jpg\" /><img src=\"{base_url}/data/files/store_2/goods/20210604161937497.jpg\" alt=\"微信图片_202106041616477.jpg\" /><img src=\"{base_url}/data/files/store_2/goods/20210604161936982.jpg\" alt=\"微信图片_202106041616475.jpg\" />', '', 2596, '本地优选	粮油调味', '', 1, '重量', '', 1, 0, '', 1622766099, 1623357729, 173, 'data/files/store_2/goods/20210604184146644.jpg.thumb.jpg', '', '', 0, 1, '93.00', '0.00', '', 1),
(54, 2, 'material', '【次日自提】海南鲜冻脆口花螺300g/袋', '<img src=\"{base_url}/data/files/store_2/goods/20210604163334333.png\" alt=\"微信图片_202106041633031.png\" /><img src=\"{base_url}/data/files/store_2/goods/20210604163334191.png\" alt=\"微信图片_202106041633033.png\" />', '', 2595, '本地优选	海鲜水产', '', 0, '', '', 1, 0, '', 1622766917, 1645149809, 223, 'data/files/store_2/goods/20210604164104718.png.thumb.png', 'data/files/store_2/goods/long-54.jpg', '', 0, 1, '59.80', '0.00', '', 1),
(55, 2, 'material', '【次日自提】远洋深海鱿鱼500g/包', '<img src=\"{base_url}/data/files/store_2/goods/20210604163607203.jpg\" alt=\"微信图片_202106041633031.jpg\" /><img src=\"{base_url}/data/files/store_2/goods/20210604163608935.jpg\" alt=\"微信图片_202106041633034.jpg\" /><img src=\"{base_url}/data/files/store_2/goods/20210604163607974.jpg\" alt=\"微信图片_202106041633033.jpg\" />', '', 2595, '本地优选	海鲜水产', '', 0, '', '', 1, 0, '', 1622767202, 1622773466, 176, 'data/files/store_2/goods/20210604163545710.jpg.thumb.jpg', '', '', 0, 1, '9.90', '0.00', '', 1),
(56, 2, 'material', '【粮油精选】驰名商标大品牌海天上等耗油300g/500g/700g', '<img src=\"{base_url}/data/files/store_2/goods/20210604164841167.jpg\" alt=\"微信图片_202106041648181.jpg\" /><img src=\"{base_url}/data/files/store_2/goods/20210604164841467.jpg\" alt=\"微信图片_202106041648183.jpg\" />', '', 2596, '本地优选	粮油调味', '', 1, '重量', '', 1, 0, '', 1622767810, 1622773356, 177, 'data/files/store_2/goods/20210604180536762.jpg.thumb.jpg', '', '', 0, 1, '43.00', '0.00', '', 1),
(57, 2, 'material', '【次日自提】良宏玉米果园鸡新鲜鸡蛋10枚/盒', '<img src=\"{base_url}/data/files/store_2/goods/20210604165719654.jpg\" alt=\"微信图片_202106041656454.jpg\" /><img src=\"{base_url}/data/files/store_2/goods/20210604165719368.jpg\" alt=\"微信图片_202106041656455.jpg\" />', '', 2594, '本地优选	肉禽蛋品', '', 0, '', '', 1, 0, '', 1622768251, 1622773456, 180, 'data/files/store_2/goods/20210604165659231.jpg.thumb.jpg', '', '', 0, 1, '5.98', '0.00', '', 1),
(58, 2, 'material', '【新鲜现宰杀】陆川猪黑土猪鲜嫩五花肉500g ± 20g', '<img src=\"{base_url}/data/files/store_2/goods/20210604180229470.jpg\" alt=\"微信图片_20210604180147.jpg\" /><img src=\"{base_url}/data/files/store_2/goods/20210604180229822.jpg\" alt=\"微信图片_20210604180142.jpg\" />', '', 2594, '本地优选	肉禽蛋品', '', 0, '', '', 1, 0, '', 1622768446, 1622773239, 181, 'data/files/store_2/goods/20210604182028392.jpg.thumb.jpg', '', '', 0, 1, '12.90', '0.00', '', 1),
(59, 2, 'material', '【特价来袭】青瓜300g ± 50g', '<p></p><p><img src=\"{base_url}/data/files/store_2/goods/20210604170729700.jpg\"><img src=\"{base_url}/data/files/store_2/goods/20210604170729487.jpg\"></p>', '', 2592, '本地优选 新鲜蔬菜', '', 0, '', '', 1, 0, '', 1622768911, 1650847773, 250, 'data/files/store_2/goods/20210604170716326.jpg.thumb.jpg', '', '', 0, 1, '0.59', '0.00', '', 0),
(60, 2, 'material', '【限量抢购】鲜红西红柿500g ± 50g', '<img src=\"{base_url}/data/files/store_2/goods/20210604171002869.jpg\" alt=\"微信图片_202106041705274.jpg\" />', '', 2592, '本地优选	新鲜蔬菜', '', 0, '', '', 1, 0, '', 1622769016, 1645295906, 183, 'data/files/store_2/goods/20210604170950410.jpg.thumb.jpg', '', '', 1, 1, '42.00', '0.00', '', 1),
(61, 2, 'material', '【次日自提】鲜嫩冬豆米200g ± 20g （粒粒精选）', '<img src=\"{base_url}/data/files/store_2/goods/20210604171121199.jpg\" alt=\"微信图片_202106041705272.jpg\" /><img src=\"{base_url}/data/files/store_2/goods/20210604171121481.jpg\" alt=\"微信图片_202106041705271.jpg\" />', '', 2592, '本地优选	新鲜蔬菜', '', 0, '', '', 1, 0, '', 1622769193, 1645295899, 184, 'data/files/store_2/goods/20210604171042407.jpg.thumb.jpg', '', '', 1, 1, '31.99', '0.00', '', 1),
(62, 2, 'material', '【次日自提】山东大樱桃酸甜可口250g ± 20g 产地直供新鲜大颗粒超甜', '<img src=\"{base_url}/data/files/store_2/goods/20210604172219953.png\" alt=\"微信图片_20210604154511.png\" /><img src=\"{base_url}/data/files/store_2/goods/20210604172218250.jpg\" alt=\"微信图片_20210604154507.jpg\" /><img src=\"{base_url}/data/files/store_2/goods/20210604172218506.jpg\" alt=\"微信图片_20210604154504.jpg\" />', '', 2593, '本地优选	时令水果', '', 1, '颗粒', '', 1, 0, '', 1622769764, 1661471519, 186, 'data/files/store_2/goods/20210604172147930.png.thumb.png', '', '', 0, 1, '36.80', '0.00', '', 1),
(63, 2, 'material', '【次日达】国产大明虾500g/袋（约35-45条 新老包装随机发）', '<img src=\"{base_url}/data/files/store_2/goods/20210606130117456.jpg\" alt=\"微信图片_202106061301102.jpg\" /><img src=\"{base_url}/data/files/store_2/goods/20210606130118907.jpg\" alt=\"微信图片_20210606130110.jpg\" /><img src=\"{base_url}/data/files/store_2/goods/20210606130118939.jpg\" alt=\"微信图片_202106061301101.jpg\" />', '', 2595, '本地优选	海鲜水产', '', 1, '重量', '', 1, 0, '', 1622926978, 1622934249, 194, 'data/files/store_2/goods/20210606130008865.jpg.thumb.jpg', '', '', 0, 1, '13.90', '0.00', '', 1),
(64, 2, 'material', '【香糯料足】【真空/高温灭菌】正宗嘉兴粽子鲜肉粽4只装500g', '<img src=\"{base_url}/data/files/store_2/goods/20210606130525352.jpg\" alt=\"微信图片_202106061259035.jpg\" /><img src=\"{base_url}/data/files/store_2/goods/20210606130525819.jpg\" alt=\"微信图片_202106061259036.jpg\" /><img src=\"{base_url}/data/files/store_2/goods/20210606130525980.jpg\" alt=\"微信图片_202106061259034.jpg\" /><img src=\"{base_url}/data/files/store_2/goods/20210606130526930.jpg\" alt=\"微信图片_202106061259033.jpg\" />', '', 2597, '本地优选	速食冻品', '', 2, '重量', '馅心', 1, 0, '', 1622927298, 1622934197, 190, 'data/files/store_2/goods/20210606130506950.jpg.thumb.jpg', '', '', 0, 1, '9.90', '0.00', '', 1),
(65, 2, 'material', '舒肤佳 金银花/菊花自然爽清洁型香皂108克/块', '', '', 2600, '本地优选	个护清洁', '', 0, '', '', 1, 0, '', 1623783399, 1623786205, 199, 'data/files/store_2/goods/20210616105630443.jpg.thumb.jpg', '', '', 0, 1, '20.00', '0.00', '', 1);

--
-- 转存表中的数据 `swd_goods_image`
--
delete from `swd_goods_image`;
INSERT INTO `swd_goods_image` (`image_id`, `goods_id`, `image_url`, `thumbnail`, `sort_order`, `file_id`) VALUES
(1, 1, 'data/files/store_2/goods/20181121161206467.jpg', 'data/files/store_2/goods/20181121161206467.jpg', 1, 4),
(2, 1, 'data/files/store_2/goods/20181121161206136.jpg', 'data/files/store_2/goods/20181121161206136.jpg', 255, 5),
(3, 1, 'data/files/store_2/goods/20181121161206982.jpg', 'data/files/store_2/goods/20181121161206982.jpg', 255, 6),
(4, 1, 'data/files/store_2/goods/20181121161207471.jpg', 'data/files/store_2/goods/20181121161207471.jpg', 255, 7),
(5, 1, 'data/files/store_2/goods/20181121161207954.jpg', 'data/files/store_2/goods/20181121161207954.jpg', 255, 8),
(6, 2, 'data/files/store_2/goods/20181121162707311.jpg', 'data/files/store_2/goods/20181121162707311.jpg', 255, 12),
(7, 2, 'data/files/store_2/goods/20181121162707422.jpg', 'data/files/store_2/goods/20181121162707422.jpg', 255, 13),
(8, 2, 'data/files/store_2/goods/20181121162708599.jpg', 'data/files/store_2/goods/20181121162708599.jpg', 255, 14),
(9, 2, 'data/files/store_2/goods/20181121162708216.jpg', 'data/files/store_2/goods/20181121162708216.jpg', 255, 15),
(10, 2, 'data/files/store_2/goods/20181121162709932.jpg', 'data/files/store_2/goods/20181121162709932.jpg', 1, 16),
(11, 3, 'data/files/store_2/goods/20181121163057182.jpg', 'data/files/store_2/goods/20181121163057182.jpg', 1, 20),
(12, 3, 'data/files/store_2/goods/20181121163103146.jpg', 'data/files/store_2/goods/20181121163103146.jpg', 255, 21),
(13, 3, 'data/files/store_2/goods/20181121163103403.jpg', 'data/files/store_2/goods/20181121163103403.jpg', 255, 22),
(14, 3, 'data/files/store_2/goods/20181121163104112.jpg', 'data/files/store_2/goods/20181121163104112.jpg', 255, 23),
(15, 3, 'data/files/store_2/goods/20181121163104717.jpg', 'data/files/store_2/goods/20181121163104717.jpg', 255, 24),
(16, 10, 'data/files/store_2/goods/20181121213021455.jpg', 'data/files/store_2/goods/20181121213021455.jpg', 1, 50),
(17, 4, 'data/files/store_2/goods/20181121212828709.jpg', 'data/files/store_2/goods/20181121212828709.jpg', 1, 49),
(18, 5, 'data/files/store_2/goods/20181121212707549.jpg', 'data/files/store_2/goods/20181121212707549.jpg', 255, 48),
(19, 5, 'data/files/store_2/goods/20181121212703151.jpg', 'data/files/store_2/goods/20181121212703151.jpg', 1, 47),
(20, 11, 'data/files/store_2/goods/20181121213244147.jpg', 'data/files/store_2/goods/20181121213244147.jpg', 1, 51),
(21, 12, 'data/files/store_2/goods/20181121214203335.jpg', 'data/files/store_2/goods/20181121214203335.jpg', 255, 53),
(22, 6, 'data/files/store_2/goods/20181121212543181.jpg', 'data/files/store_2/goods/20181121212543181.jpg', 1, 46),
(23, 13, 'data/files/store_2/goods/20181121215053864.jpg', 'data/files/store_2/goods/20181121215053864.jpg', 1, 56),
(24, 13, 'data/files/store_2/goods/20181121215057697.jpg', 'data/files/store_2/goods/20181121215057697.jpg', 255, 57),
(25, 7, 'data/files/store_2/goods/20181121212339738.jpg', 'data/files/store_2/goods/20181121212339738.jpg', 1, 45),
(26, 8, 'data/files/store_2/goods/20181121212114409.jpg', 'data/files/store_2/goods/20181121212114409.jpg', 255, 44),
(27, 8, 'data/files/store_2/goods/20181121212111597.jpg', 'data/files/store_2/goods/20181121212111597.jpg', 1, 43),
(28, 12, 'data/files/store_2/goods/20181121214200514.jpg', 'data/files/store_2/goods/20181121214200514.jpg', 1, 52),
(29, 14, 'data/files/store_2/goods/20181121215535534.jpg', 'data/files/store_2/goods/20181121215535534.jpg', 1, 60),
(30, 14, 'data/files/store_2/goods/20181121215535789.jpg', 'data/files/store_2/goods/20181121215535789.jpg', 255, 61),
(31, 15, 'data/files/store_2/goods/20181121215835874.jpg', 'data/files/store_2/goods/20181121215835874.jpg', 1, 64),
(32, 16, 'data/files/store_2/goods/20181121220037806.jpg', 'data/files/store_2/goods/20181121220037806.jpg', 1, 65),
(33, 17, 'data/files/store_2/goods/20181121220320276.jpg', 'data/files/store_2/goods/20181121220320276.jpg', 1, 66),
(34, 17, 'data/files/store_2/goods/20181121220321253.jpg', 'data/files/store_2/goods/20181121220321253.jpg', 255, 67),
(35, 18, 'data/files/store_2/goods/20181121220446153.jpg', 'data/files/store_2/goods/20181121220446153.jpg', 1, 68),
(36, 18, 'data/files/store_2/goods/20181121220529585.jpg', 'data/files/store_2/goods/20181121220529585.jpg', 255, 69),
(37, 19, 'data/files/store_2/goods/20181121220804979.jpg', 'data/files/store_2/goods/20181121220804979.jpg', 1, 70),
(38, 20, 'data/files/store_2/goods/20181121221014676.jpg', 'data/files/store_2/goods/20181121221014676.jpg', 1, 71),
(39, 21, 'data/files/store_2/goods/20181121221617232.jpg', 'data/files/store_2/goods/20181121221617232.jpg', 1, 72),
(40, 22, 'data/files/store_2/goods/20181121221946571.jpg', 'data/files/store_2/goods/20181121221946571.jpg', 1, 74),
(41, 23, 'data/files/store_2/goods/20181121222346200.png', 'data/files/store_2/goods/20181121222346200.png', 255, 77),
(42, 23, 'data/files/store_2/goods/20181121222347420.jpg', 'data/files/store_2/goods/20181121222347420.jpg', 1, 78),
(43, 24, 'data/files/store_2/goods/20181121222733481.jpg', 'data/files/store_2/goods/20181121222733481.jpg', 1, 81),
(44, 24, 'data/files/store_2/goods/20181121222915885.jpg', 'data/files/store_2/goods/20181121222915885.jpg', 255, 82),
(45, 25, 'data/files/store_2/goods/20181121223950247.jpg', 'data/files/store_2/goods/20181121223950247.jpg', 1, 84),
(46, 26, 'data/files/store_2/goods/20201213155216195.jpg', 'data/files/store_2/goods/20201213155216195.jpg.thumb.jpg', 1, 89),
(47, 26, 'data/files/store_2/goods/20201213155245671.jpg', 'data/files/store_2/goods/20201213155245671.jpg.thumb.jpg', 255, 90),
(48, 27, 'data/files/store_2/goods/20201213171639312.jpg', 'data/files/store_2/goods/20201213171639312.jpg.thumb.jpg', 1, 94),
(49, 27, 'data/files/store_2/goods/20201213171644554.jpg', 'data/files/store_2/goods/20201213171644554.jpg.thumb.jpg', 255, 95),
(50, 28, 'data/files/store_2/goods/20201213172404900.jpg', 'data/files/store_2/goods/20201213172404900.jpg.thumb.jpg', 255, 100),
(51, 28, 'data/files/store_2/goods/20201213172404905.jpg', 'data/files/store_2/goods/20201213172404905.jpg.thumb.jpg', 1, 101),
(52, 29, 'data/files/store_2/goods/20201213172804345.jpg', 'data/files/store_2/goods/20201213172804345.jpg.thumb.jpg', 1, 105),
(53, 29, 'data/files/store_2/goods/20201213172804190.jpg', 'data/files/store_2/goods/20201213172804190.jpg.thumb.jpg', 255, 106),
(54, 29, 'data/files/store_2/goods/20201213172805174.jpg', 'data/files/store_2/goods/20201213172805174.jpg.thumb.jpg', 255, 107),
(55, 30, 'data/files/store_2/goods/20201213173431222.jpg', 'data/files/store_2/goods/20201213173431222.jpg.thumb.jpg', 255, 111),
(56, 30, 'data/files/store_2/goods/20201213173432864.jpg', 'data/files/store_2/goods/20201213173432864.jpg.thumb.jpg', 255, 112),
(57, 30, 'data/files/store_2/goods/20201213173432104.jpg', 'data/files/store_2/goods/20201213173432104.jpg.thumb.jpg', 1, 113),
(58, 31, 'data/files/store_2/goods/20201213173908887.jpg', 'data/files/store_2/goods/20201213173908887.jpg.thumb.jpg', 1, 117),
(59, 31, 'data/files/store_2/goods/20201213173909342.jpg', 'data/files/store_2/goods/20201213173909342.jpg.thumb.jpg', 255, 118),
(60, 32, 'data/files/store_2/goods/20201213174903249.jpg', 'data/files/store_2/goods/20201213174903249.jpg.thumb.jpg', 1, 122),
(61, 32, 'data/files/store_2/goods/20201213174903965.jpg', 'data/files/store_2/goods/20201213174903965.jpg.thumb.jpg', 255, 123),
(62, 32, 'data/files/store_2/goods/20201213174903805.jpg', 'data/files/store_2/goods/20201213174903805.jpg.thumb.jpg', 255, 124),
(63, 32, 'data/files/store_2/goods/20201213174903358.jpg', 'data/files/store_2/goods/20201213174903358.jpg.thumb.jpg', 255, 125),
(64, 33, 'data/files/store_2/goods/20201214124421396.jpg', 'data/files/store_2/goods/20201214124421396.jpg.thumb.jpg', 255, 130),
(65, 33, 'data/files/store_2/goods/20201214124421478.jpg', 'data/files/store_2/goods/20201214124421478.jpg.thumb.jpg', 255, 131),
(66, 33, 'data/files/store_2/goods/20201214124421207.jpg', 'data/files/store_2/goods/20201214124421207.jpg.thumb.jpg', 1, 132),
(67, 34, 'data/files/store_2/goods/20201214124844745.jpg', 'data/files/store_2/goods/20201214124844745.jpg.thumb.jpg', 255, 136),
(68, 34, 'data/files/store_2/goods/20201214124844682.jpg', 'data/files/store_2/goods/20201214124844682.jpg.thumb.jpg', 255, 137),
(69, 34, 'data/files/store_2/goods/20201214124844149.jpg', 'data/files/store_2/goods/20201214124844149.jpg.thumb.jpg', 1, 138),
(70, 35, 'data/files/store_2/goods/20201214160050668.jpg', 'data/files/store_2/goods/20201214160050668.jpg.thumb.jpg', 255, 142),
(71, 35, 'data/files/store_2/goods/20201214160051199.jpg', 'data/files/store_2/goods/20201214160051199.jpg.thumb.jpg', 255, 143),
(72, 35, 'data/files/store_2/goods/20201214160051403.jpg', 'data/files/store_2/goods/20201214160051403.jpg.thumb.jpg', 1, 144),
(73, 36, 'data/files/store_2/goods/20201214160651826.jpg', 'data/files/store_2/goods/20201214160651826.jpg.thumb.jpg', 1, 149),
(74, 36, 'data/files/store_2/goods/20201215103300515.jpg', 'data/files/store_2/goods/20201215103300515.jpg.thumb.jpg', 255, 172),
(75, 36, 'data/files/store_2/goods/20201215103503750.jpg', 'data/files/store_2/goods/20201215103503750.jpg.thumb.jpg', 255, 173),
(76, 37, 'data/files/store_2/goods/20201214162152131.jpg', 'data/files/store_2/goods/20201214162152131.jpg.thumb.jpg', 255, 155),
(77, 37, 'data/files/store_2/goods/20201214162152809.jpg', 'data/files/store_2/goods/20201214162152809.jpg.thumb.jpg', 255, 156),
(78, 37, 'data/files/store_2/goods/20201214162152545.jpg', 'data/files/store_2/goods/20201214162152545.jpg.thumb.jpg', 1, 157),
(79, 38, 'data/files/store_2/goods/20201214165719577.jpg', 'data/files/store_2/goods/20201214165719577.jpg.thumb.jpg', 255, 160),
(80, 38, 'data/files/store_2/goods/20201214165719546.jpg', 'data/files/store_2/goods/20201214165719546.jpg.thumb.jpg', 255, 161),
(81, 38, 'data/files/store_2/goods/20201214165720770.jpg', 'data/files/store_2/goods/20201214165720770.jpg.thumb.jpg', 1, 162),
(82, 39, 'data/files/store_2/goods/20201214171824949.jpg', 'data/files/store_2/goods/20201214171824949.jpg.thumb.jpg', 255, 169),
(83, 39, 'data/files/store_2/goods/20201214171824362.jpg', 'data/files/store_2/goods/20201214171824362.jpg.thumb.jpg', 255, 170),
(84, 39, 'data/files/store_2/goods/20201214171824101.jpg', 'data/files/store_2/goods/20201214171824101.jpg.thumb.jpg', 1, 171),
(85, 40, 'data/files/store_2/goods/20210201114323390.jpg', 'data/files/store_2/goods/20210201114323390.jpg.thumb.jpg', 255, 174),
(86, 40, 'data/files/store_2/goods/20210201114323838.jpg', 'data/files/store_2/goods/20210201114323838.jpg.thumb.jpg', 255, 175),
(87, 40, 'data/files/store_2/goods/20210201114323874.jpg', 'data/files/store_2/goods/20210201114323874.jpg.thumb.jpg', 255, 176),
(88, 40, 'data/files/store_2/goods/20210201114323599.jpg', 'data/files/store_2/goods/20210201114323599.jpg.thumb.jpg', 1, 177),
(89, 41, 'data/files/store_2/goods/20210201120701340.jpg', 'data/files/store_2/goods/20210201120701340.jpg.thumb.jpg', 255, 183),
(90, 41, 'data/files/store_2/goods/20210201120701221.jpg', 'data/files/store_2/goods/20210201120701221.jpg.thumb.jpg', 255, 184),
(91, 41, 'data/files/store_2/goods/20210201120701632.jpg', 'data/files/store_2/goods/20210201120701632.jpg.thumb.jpg', 255, 185),
(92, 41, 'data/files/store_2/goods/20210201120701925.jpg', 'data/files/store_2/goods/20210201120701925.jpg.thumb.jpg', 1, 186),
(93, 42, 'data/files/store_2/goods/20210201121241521.jpg', 'data/files/store_2/goods/20210201121241521.jpg.thumb.jpg', 255, 188),
(94, 42, 'data/files/store_2/goods/20210201121241493.jpg', 'data/files/store_2/goods/20210201121241493.jpg.thumb.jpg', 255, 189),
(95, 42, 'data/files/store_2/goods/20210201121241297.jpg', 'data/files/store_2/goods/20210201121241297.jpg.thumb.jpg', 1, 190),
(96, 43, 'data/files/store_2/goods/20210201164420110.jpg', 'data/files/store_2/goods/20210201164420110.jpg.thumb.jpg', 255, 200),
(97, 43, 'data/files/store_2/goods/20210201164420438.jpg', 'data/files/store_2/goods/20210201164420438.jpg.thumb.jpg', 1, 201),
(98, 43, 'data/files/store_2/goods/20210201164420563.jpg', 'data/files/store_2/goods/20210201164420563.jpg.thumb.jpg', 255, 199),
(99, 44, 'data/files/store_2/goods/20210201171847146.jpg', 'data/files/store_2/goods/20210201171847146.jpg.thumb.jpg', 255, 211),
(100, 44, 'data/files/store_2/goods/20210201171847524.jpg', 'data/files/store_2/goods/20210201171847524.jpg.thumb.jpg', 255, 212),
(101, 44, 'data/files/store_2/goods/20210201171847153.jpg', 'data/files/store_2/goods/20210201171847153.jpg.thumb.jpg', 1, 213),
(102, 45, 'data/files/store_2/goods/20210201172926476.jpg', 'data/files/store_2/goods/20210201172926476.jpg.thumb.jpg', 255, 218),
(103, 45, 'data/files/store_2/goods/20210201172926685.jpg', 'data/files/store_2/goods/20210201172926685.jpg.thumb.jpg', 1, 219),
(104, 45, 'data/files/store_2/goods/20210201172926601.jpg', 'data/files/store_2/goods/20210201172926601.jpg.thumb.jpg', 255, 220),
(105, 46, 'data/files/store_2/goods/20210201173420782.jpg', 'data/files/store_2/goods/20210201173420782.jpg.thumb.jpg', 255, 224),
(106, 46, 'data/files/store_2/goods/20210201173420874.jpg', 'data/files/store_2/goods/20210201173420874.jpg.thumb.jpg', 255, 225),
(107, 46, 'data/files/store_2/goods/20210201173420994.jpg', 'data/files/store_2/goods/20210201173420994.jpg.thumb.jpg', 255, 226),
(108, 46, 'data/files/store_2/goods/20210201173420680.jpg', 'data/files/store_2/goods/20210201173420680.jpg.thumb.jpg', 1, 227),
(109, 47, 'data/files/store_2/goods/20210604152347606.jpg', 'data/files/store_2/goods/20210604152347606.jpg.thumb.jpg', 1, 237),
(110, 47, 'data/files/store_2/goods/20210604152347641.jpg', 'data/files/store_2/goods/20210604152347641.jpg.thumb.jpg', 255, 238),
(111, 47, 'data/files/store_2/goods/20210604152347592.jpg', 'data/files/store_2/goods/20210604152347592.jpg.thumb.jpg', 255, 239),
(112, 48, 'data/files/store_2/goods/20210604154534759.jpg', 'data/files/store_2/goods/20210604154534759.jpg.thumb.jpg', 1, 241),
(113, 48, 'data/files/store_2/goods/20210604154534618.jpg', 'data/files/store_2/goods/20210604154534618.jpg.thumb.jpg', 255, 242),
(114, 48, 'data/files/store_2/goods/20210604154534634.jpg', 'data/files/store_2/goods/20210604154534634.jpg.thumb.jpg', 255, 243),
(116, 0, 'data/files/store_2/goods/20210604154722899.jpg', 'data/files/store_2/goods/20210604154722899.jpg.thumb.jpg', 1, 249),
(117, 0, 'data/files/store_2/goods/20210604155123926.jpg', 'data/files/store_2/goods/20210604155123926.jpg.thumb.jpg', 255, 252),
(118, 50, 'data/files/store_2/goods/20210604155831167.jpg', 'data/files/store_2/goods/20210604155831167.jpg.thumb.jpg', 255, 253),
(119, 50, 'data/files/store_2/goods/20210604155831514.jpg', 'data/files/store_2/goods/20210604155831514.jpg.thumb.jpg', 1, 254),
(120, 50, 'data/files/store_2/goods/20210604155831421.jpg', 'data/files/store_2/goods/20210604155831421.jpg.thumb.jpg', 255, 255),
(121, 51, 'data/files/store_2/goods/20210604160838119.jpg', 'data/files/store_2/goods/20210604160838119.jpg.thumb.jpg', 255, 259),
(122, 51, 'data/files/store_2/goods/20210604160838332.jpg', 'data/files/store_2/goods/20210604160838332.jpg.thumb.jpg', 255, 261),
(123, 51, 'data/files/store_2/goods/20210604182845759.jpg', 'data/files/store_2/goods/20210604182845759.jpg.thumb.jpg', 1, 338),
(124, 0, 'data/files/store_2/goods/20210604161759115.jpg', 'data/files/store_2/goods/20210604161759115.jpg.thumb.jpg', 1, 266),
(125, 0, 'data/files/store_2/goods/20210604161759623.jpg', 'data/files/store_2/goods/20210604161759623.jpg.thumb.jpg', 255, 267),
(126, 0, 'data/files/store_2/goods/20210604161842875.jpg', 'data/files/store_2/goods/20210604161842875.jpg.thumb.jpg', 255, 270),
(127, 53, 'data/files/store_2/goods/20210604161915838.jpg', 'data/files/store_2/goods/20210604161915838.jpg.thumb.jpg', 255, 271),
(128, 53, 'data/files/store_2/goods/20210604161916519.png', 'data/files/store_2/goods/20210604161916519.png.thumb.png', 255, 272),
(129, 54, 'data/files/store_2/goods/20210604164104718.png', 'data/files/store_2/goods/20210604164104718.png.thumb.png', 1, 291),
(130, 54, 'data/files/store_2/goods/20210604163319969.jpg', 'data/files/store_2/goods/20210604163319969.jpg.thumb.jpg', 255, 280),
(131, 53, 'data/files/store_2/goods/20210604184146644.jpg', 'data/files/store_2/goods/20210604184146644.jpg.thumb.jpg', 1, 339),
(132, 55, 'data/files/store_2/goods/20210604163545455.jpg', 'data/files/store_2/goods/20210604163545455.jpg.thumb.jpg', 255, 284),
(133, 55, 'data/files/store_2/goods/20210604163545710.jpg', 'data/files/store_2/goods/20210604163545710.jpg.thumb.jpg', 1, 285),
(134, 56, 'data/files/store_2/goods/20210604164828545.jpg', 'data/files/store_2/goods/20210604164828545.jpg.thumb.jpg', 255, 293),
(135, 57, 'data/files/store_2/goods/20210604165659231.jpg', 'data/files/store_2/goods/20210604165659231.jpg.thumb.jpg', 1, 297),
(136, 62, 'data/files/store_2/goods/20210604172200309.jpg', 'data/files/store_2/goods/20210604172200309.jpg.thumb.jpg', 255, 329),
(137, 57, 'data/files/store_2/goods/20210604165659415.jpg', 'data/files/store_2/goods/20210604165659415.jpg.thumb.jpg', 255, 299),
(138, 58, 'data/files/store_2/goods/20210604165923974.jpg', 'data/files/store_2/goods/20210604165923974.jpg.thumb.jpg', 255, 304),
(139, 58, 'data/files/store_2/goods/20210604165923116.jpg', 'data/files/store_2/goods/20210604165923116.jpg.thumb.jpg', 255, 305),
(140, 59, 'data/files/store_2/goods/20210604170716326.jpg', 'data/files/store_2/goods/20210604170716326.jpg.thumb.jpg', 1, 309),
(141, 59, 'data/files/store_2/goods/20210604170716748.jpg', 'data/files/store_2/goods/20210604170716748.jpg.thumb.jpg', 255, 310),
(142, 59, 'data/files/store_2/goods/20210604170716599.jpg', 'data/files/store_2/goods/20210604170716599.jpg.thumb.jpg', 255, 311),
(143, 60, 'data/files/store_2/goods/20210604170950410.jpg', 'data/files/store_2/goods/20210604170950410.jpg.thumb.jpg', 1, 315),
(144, 60, 'data/files/store_2/goods/20210604170950388.jpg', 'data/files/store_2/goods/20210604170950388.jpg.thumb.jpg', 255, 316),
(145, 60, 'data/files/store_2/goods/20210604171011129.jpg', 'data/files/store_2/goods/20210604171011129.jpg.thumb.jpg', 255, 318),
(146, 61, 'data/files/store_2/goods/20210604171042407.jpg', 'data/files/store_2/goods/20210604171042407.jpg.thumb.jpg', 1, 319),
(147, 61, 'data/files/store_2/goods/20210604171133832.jpg', 'data/files/store_2/goods/20210604171133832.jpg.thumb.jpg', 255, 326),
(148, 61, 'data/files/store_2/goods/20210604171042197.jpg', 'data/files/store_2/goods/20210604171042197.jpg.thumb.jpg', 255, 321),
(149, 62, 'data/files/store_2/goods/20210604172147930.png', 'data/files/store_2/goods/20210604172147930.png.thumb.png', 1, 328),
(150, 58, 'data/files/store_2/goods/20210604180212914.png', 'data/files/store_2/goods/20210604180212914.png.thumb.png', 255, 333),
(151, 56, 'data/files/store_2/goods/20210604180536762.jpg', 'data/files/store_2/goods/20210604180536762.jpg.thumb.jpg', 1, 336),
(152, 58, 'data/files/store_2/goods/20210604182028392.jpg', 'data/files/store_2/goods/20210604182028392.jpg.thumb.jpg', 1, 337),
(153, 63, 'data/files/store_2/goods/20210606130007816.jpg', 'data/files/store_2/goods/20210606130007816.jpg.thumb.jpg', 255, 340),
(154, 63, 'data/files/store_2/goods/20210606130008612.jpg', 'data/files/store_2/goods/20210606130008612.jpg.thumb.jpg', 255, 341),
(155, 63, 'data/files/store_2/goods/20210606130008865.jpg', 'data/files/store_2/goods/20210606130008865.jpg.thumb.jpg', 1, 342),
(156, 64, 'data/files/store_2/goods/20210606130506950.jpg', 'data/files/store_2/goods/20210606130506950.jpg.thumb.jpg', 1, 346),
(157, 64, 'data/files/store_2/goods/20210606130506155.jpg', 'data/files/store_2/goods/20210606130506155.jpg.thumb.jpg', 255, 347),
(158, 64, 'data/files/store_2/goods/20210606130507227.jpg', 'data/files/store_2/goods/20210606130507227.jpg.thumb.jpg', 255, 348),
(159, 65, 'data/files/store_2/goods/20210616105624222.jpg', 'data/files/store_2/goods/20210616105624222.jpg.thumb.jpg', 255, 353),
(160, 65, 'data/files/store_2/goods/20210616105630443.jpg', 'data/files/store_2/goods/20210616105630443.jpg.thumb.jpg', 1, 354),
(161, 46, 'data/files/store_2/goods/220221111113132300.png', 'data/files/store_2/goods/220221111113132300.thumb.png', 255, 469),
(162, 46, 'data/files/store_2/goods/220221111114358373.jpg', 'data/files/store_2/goods/220221111114358373.thumb.jpg', 255, 470),
(163, 31, 'data/files/store_2/goods/20201213173909774.jpg', 'data/files/store_2/goods/20201213173909774.jpg.thumb.jpg', 255, 119),
(164, 0, 'data/files/store_2/goods/20230307132133999.jpg', 'data/files/store_2/goods/20230307132133999.thumb.jpg', 255, 496),
(165, 0, 'data/files/store_2/goods/20230307132359337.jpg', 'data/files/store_2/goods/20230307132359337.thumb.jpg', 255, 497),
(166, 52, 'data/files/store_2/goods/20230307150107885.jpg', 'data/files/store_2/goods/20230307150107885.thumb.jpg', 1, 498),
(167, 52, 'data/files/store_2/goods/20230307150112352.jpg', 'data/files/store_2/goods/20230307150112352.thumb.jpg', 2, 499),
(168, 49, 'data/files/store_2/goods/20230307150257603.jpg', 'data/files/store_2/goods/20230307150257603.thumb.jpg', 1, 500),
(169, 49, 'data/files/store_2/goods/20230307150300525.jpg', 'data/files/store_2/goods/20230307150300525.thumb.jpg', 2, 501),
(170, 9, 'data/files/store_2/goods/20230307150330367.jpg', 'data/files/store_2/goods/20230307150330367.thumb.jpg', 1, 502),
(171, 9, 'data/files/store_2/goods/20230307150333323.jpg', 'data/files/store_2/goods/20230307150333323.thumb.jpg', 2, 503);

--
-- 转存表中的数据 `swd_goods_integral`
--
delete from `swd_goods_integral`;
INSERT INTO `swd_goods_integral` (`goods_id`, `max_exchange`) VALUES
(1, 80),
(2, 10),
(3, 10),
(4, 10),
(5, 10),
(6, 10),
(7, 10),
(8, 10),
(9, 10),
(10, 10),
(11, 10),
(12, 10),
(13, 10),
(14, 10),
(15, 10),
(16, 10),
(17, 10),
(18, 10),
(19, 10),
(20, 10);

--
-- 转存表中的数据 `swd_goods_spec`
--
delete from `swd_goods_spec`;
INSERT INTO `swd_goods_spec` (`spec_id`, `goods_id`, `spec_1`, `spec_2`, `price`, `mkprice`, `stock`, `sku`, `image`, `sort_order`) VALUES
(253, 1, '8寸', '', '4500.00', '0.00', 665, '', '', 0),
(2, 2, '', '', '12999.00', '0.00', 9, '1000000000002', '', 1),
(160, 3, '50寸', '红色', '5000.00', '0.00', 400, '', '', 0),
(4, 4, '', '', '3699.00', '0.00', 99, '1000000000004', '', 1),
(197, 5, '50寸', '', '2999.00', '0.00', 300, '', '', 0),
(6, 6, '', '', '2849.00', '0.00', 4, '1000000000006', '', 1),
(7, 7, '', '', '3499.00', '0.00', 100, '1000000000007', '', 1),
(8, 8, '', '', '4499.00', '0.00', 10, '1000000000008', '', 1),
(10, 10, '', '', '4699.00', '0.00', 3, '1000000000009', '', 1),
(11, 11, '', '', '4399.00', '0.00', 9, '1000000000010', '', 1),
(12, 12, '', '', '300.00', '0.00', 99, '1000000000011', '', 1),
(13, 13, '', '', '499.00', '0.00', 99, '1000000000012', '', 1),
(14, 14, '', '', '220.00', '0.00', 99, '1000000000013', '', 1),
(16, 16, '', '', '280.00', '0.00', 98, '1000000000015', '', 1),
(17, 17, '', '', '290.00', '0.00', 99, '1000000000016', '', 1),
(18, 18, '', '', '380.00', '0.00', 98, '1000000000017', '', 1),
(19, 19, '', '', '200.00', '0.00', 100, '1000000000018', '', 1),
(20, 20, '', '', '230.00', '0.00', 97, '1000000000019', '', 1),
(21, 21, '', '', '5499.00', '0.00', 100, '1000000000020', '', 1),
(22, 22, '', '', '7699.00', '0.00', 100, '1000000000021', '', 1),
(23, 23, '', '', '7598.00', '0.00', 103, '1000000000022', '', 1),
(24, 24, '', '', '8999.00', '0.00', 102, '1000000000023', '', 1),
(27, 25, '红色', '64G', '5100.00', '0.00', 89, '', '', 0),
(243, 46, '白色', '套餐一', '1799.00', '0.00', 33320, '', '', 5),
(28, 25, '红色', '128G', '6100.00', '0.00', 997, '', '', 1),
(29, 25, '红色', '32G', '4200.00', '0.00', 1999, '', '', 2),
(30, 25, '蓝色', '32G', '4300.00', '0.00', 0, '', '', 3),
(31, 25, '蓝色', '64G', '5400.00', '0.00', 50, '', '', 4),
(32, 25, '银色', '64G', '5500.00', '0.00', 650, '', '', 5),
(33, 25, '银色', '128G', '6500.00', '0.00', 650, '', '', 6),
(34, 25, '金色（店长推荐）', '128G', '6500.00', '0.00', 650, '', '', 7),
(35, 25, '金色（店长推荐）', '256G', '8500.00', '0.00', 650, '', '', 8),
(242, 46, '白色', '套餐二', '1799.00', '0.00', 2209, '', '', 4),
(240, 46, '黑色', '套餐一', '1799.00', '0.00', 2218, '', '', 2),
(241, 46, '黑色', '套餐二', '1799.00', '0.00', 1110, '', '', 3),
(238, 46, '白色', '官方标配', '1639.98', '0.00', 22, '', 'data/files/store_2/1120220307174854957.jpg', 0),
(40, 27, '黑色四季款', 'XL', '339.00', '0.00', 18, '', '', 0),
(41, 27, '黑色四季款', 'XXL', '309.00', '0.00', 0, '', '', 1),
(42, 27, '黑色四季款', 'L', '379.00', '0.00', 31, '', '', 2),
(43, 27, '白色四季款', 'XL', '329.00', '0.00', 41, '', '', 3),
(44, 27, '白色四季款', 'XXL', '359.00', '0.00', 51, '', '', 4),
(45, 27, '白色四季款', 'L', '339.00', '0.00', 21, '', '', 5),
(46, 28, '', '', '353.00', '0.00', 34, '', '', 1),
(47, 29, '', '', '259.00', '0.00', 27, '', '', 1),
(48, 30, '', '', '238.00', '0.00', 1219, '', '', 1),
(49, 31, '', '', '299.90', '0.00', 10, '', '', 1),
(105, 32, '蓝色', 'L', '169.00', '0.00', 10, '', '', 0),
(91, 33, '白色', 'L', '139.00', '0.00', 19, '', '', 0),
(87, 34, '白色', 'L', '288.00', '0.00', 40, '', '', 0),
(84, 35, '黑色', '', '199.00', '0.00', 48, '', '', 0),
(254, 1, '8.5寸', '', '5500.00', '0.00', 666, '', '', 1),
(97, 37, '白色', '36', '439.00', '0.00', 21, '', '', 0),
(66, 38, '黑色', '36', '229.00', '0.00', 13, '', '', 0),
(57, 39, '黑色', '35', '100.00', '0.00', 88, '', '', 0),
(58, 39, '黑色', '36', '2199.00', '0.00', 14, '', '', 1),
(59, 39, '黑色', '37', '2199.00', '0.00', 1, '', '', 2),
(60, 39, '黑色', '38', '2199.00', '0.00', 12, '', '', 3),
(61, 39, '黑色', '39', '2199.00', '0.00', 14, '', '', 4),
(62, 39, '棕色', '35', '2199.00', '0.00', 15, '', '', 5),
(63, 39, '棕色', '36', '2199.00', '0.00', 16, '', '', 6),
(64, 39, '棕色', '37', '2199.00', '0.00', 17, '', '', 7),
(65, 39, '棕色', '38', '2199.00', '0.00', 18, '', '', 8),
(67, 38, '黑色', '37', '239.00', '0.00', 17, '', '', 1),
(68, 38, '黑色', '38', '249.00', '0.00', 1, '', '', 2),
(69, 38, '黑色', '39', '229.00', '0.00', 1, '', '', 3),
(70, 38, '黑色', '40', '219.00', '0.00', 14, '', '', 4),
(71, 38, '白色', '40', '239.00', '0.00', 19, '', '', 5),
(72, 38, '白色', '36', '229.00', '0.00', 11, '', '', 6),
(73, 38, '白色', '38', '239.00', '0.00', 15, '', '', 7),
(74, 38, '白色', '39', '249.00', '0.00', 19, '', '', 8),
(250, 59, '', '', '0.59', '0.00', 100, '', NULL, 255),
(236, 26, '超闪黑', '全网通8GB 256GB', '8990.00', '0.00', 0, '', NULL, 255),
(235, 26, '超闪黑', '全网通8GB 128GB', '7990.00', '0.00', 15, '', NULL, 255),
(234, 26, '超闪蓝', '全网通8GB 256GB', '8900.00', '0.00', 12, '', NULL, 255),
(233, 26, '超闪蓝', '全网通8GB 128GB', '7900.00', '0.00', 61, '', NULL, 255),
(85, 35, '灰色', '', '199.00', '0.00', 31, '', '', 1),
(86, 35, '棕色', '', '199.00', '0.00', 14, '', '', 2),
(88, 34, '白色', 'XL', '388.00', '0.00', 0, '', '', 1),
(89, 34, '黑色', 'L', '288.00', '0.00', 31, '', '', 2),
(90, 34, '黑色', 'XXL', '188.00', '0.00', 21, '', '', 3),
(92, 33, '白色', 'XL', '139.00', '0.00', 30, '', '', 1),
(93, 33, '白色', 'M', '139.00', '0.00', 9, '', '', 2),
(94, 33, '黑色', 'L', '139.00', '0.00', 21, '', '', 3),
(95, 33, '黑色', 'XL', '139.00', '0.00', 31, '', '', 4),
(96, 33, '黑色', 'M', '139.00', '0.00', 41, '', '', 5),
(98, 37, '白色', '37', '439.00', '0.00', 22, '', '', 1),
(99, 37, '白色', '38', '435.00', '0.00', 18, '', '', 2),
(100, 37, '白色', '39', '435.00', '0.00', 33, '', '', 3),
(101, 37, '黑色', '36', '435.00', '0.00', 31, '', '', 4),
(102, 37, '黑色', '37', '435.00', '0.00', 41, '', '', 5),
(103, 37, '黑色', '38', '435.00', '0.00', 44, '', '', 6),
(104, 37, '黑色', '39', '435.00', '0.00', 41, '', '', 7),
(106, 32, '蓝色', 'XL', '169.00', '0.00', 21, '', '', 1),
(107, 32, '蓝色', 'M', '269.00', '0.00', 31, '', '', 2),
(108, 32, '白色', 'L', '169.00', '0.00', 21, '', '', 3),
(109, 32, '白色', 'XL', '269.00', '0.00', 12, '', '', 4),
(110, 32, '白色', 'M', '269.00', '0.00', 11, '', '', 5),
(111, 32, '黑色', 'L', '169.00', '0.00', 31, '', '', 6),
(112, 32, '黑色', 'XL', '269.00', '0.00', 21, '', '', 7),
(113, 40, '深蓝色', '128G', '9299.00', '0.00', 1110, '22', '', 0),
(114, 40, '深蓝色', '256G', '10099.00', '0.00', 1111, '22', '', 1),
(115, 40, '金色', '128G', '9299.00', '0.00', 1111, '22', '', 2),
(116, 40, '金色', '256G', '10099.00', '0.00', 1111, '22', '', 3),
(117, 40, '银色', '128G', '9299.00', '0.00', 1111, '22', '', 4),
(118, 40, '银色', '256G', '10999.00', '0.00', 1111, '22', '', 5),
(119, 41, '黑色', '128G', '4849.00', '0.00', 10, '', '', 0),
(120, 41, '黑色', '256G', '5649.00', '0.00', 14, '', '', 1),
(121, 41, '白色', '128G', '4849.00', '0.00', 11, '', '', 2),
(122, 41, '白色', '256G', '5649.00', '0.00', 11, '', '', 3),
(123, 41, '绿色', '128G', '4849.00', '0.00', 11, '', '', 4),
(124, 41, '绿色', '256G', '5649.00', '0.00', 11, '', '', 5),
(125, 42, '黑色', '128G', '3799.00', '0.00', 9, '', '', 0),
(126, 42, '黑色', '256G', '4599.00', '0.00', 13, '', '', 1),
(127, 42, '白色', '128G', '3799.00', '0.00', 11, '', '', 2),
(128, 42, '白色', '256G', '4599.00', '0.00', 11, '', '', 3),
(129, 42, '红色', '128G', '3799.00', '0.00', 11, '', '', 4),
(130, 42, '红色', '256G', '4599.00', '0.00', 11, '', '', 5),
(131, 43, '银色', '64G', '5499.00', '0.00', 10, '', '', 0),
(132, 43, '银色', '256G', '6699.00', '0.00', 12, '', '', 1),
(133, 43, '天蓝色', '64G', '5499.00', '0.00', 11, '', '', 2),
(134, 43, '天蓝色', '256G', '6699.00', '0.00', 11, '', '', 3),
(135, 43, '绿色', '64G', '5499.00', '0.00', 11, '', '', 4),
(137, 43, '绿色', '256G', '6699.00', '0.00', 10, '', '', 5),
(138, 44, '黑色', '128G', '949.00', '0.00', 11, '', '', 0),
(139, 44, '黑色', '256G', '975.00', '0.00', 9, '', '', 1),
(140, 44, '白色', '128G', '849.00', '0.00', 9, '', '', 2),
(141, 44, '白色', '256G', '998.00', '0.00', 6, '', '', 3),
(142, 44, '绿色', '128G', '959.00', '0.00', 11, '', '', 4),
(143, 44, '绿色', '256G', '899.00', '0.00', 12, '', '', 5),
(144, 44, '黄色', '128G', '989.00', '0.00', 11, '', '', 6),
(145, 44, '黄色', '256G', '979.00', '0.00', 11, '', '', 7),
(151, 45, '白色', '官方标配', '259.00', '0.00', 55, '', '', 0),
(239, 46, '黑色', '官方标配', '1639.98', '0.00', 218, '', 'data/files/store_2/1120220307174857497.jpg', 1),
(225, 36, '静默星空', '8GB 128GB 全网通', '4599.00', '0.00', 21, '', NULL, 255),
(152, 45, '粉色', '官方标配', '289.00', '0.00', 49, '', '', 1),
(153, 45, '灰色', '官方标配', '299.00', '0.00', 50, '', '', 2),
(154, 45, '白色', '套餐一', '319.00', '0.00', 44, '', '', 3),
(155, 45, '粉色', '套餐一', '329.00', '0.00', 50, '', '', 4),
(156, 45, '灰色', '套餐一', '339.00', '0.00', 50, '', '', 5),
(224, 36, '静默星空', '6GB 128GB 全网通', '4599.00', '0.00', 31, '', NULL, 255),
(211, 67, '', '', '400.00', '0.00', 8870, '', NULL, 255),
(161, 3, '60寸', '蓝色', '5900.00', '0.00', 0, '', '', 1),
(162, 3, '80寸', '绿色', '8900.00', '0.00', 89, '', '', 2),
(163, 3, '50寸', '绿色', '8900.00', '0.00', 0, '', '', 3),
(252, 47, '2.98g', '', '12.00', '0.00', 111, '', '', 1),
(165, 48, '', '', '1.99', '0.00', 1111, '', '', 1),
(167, 50, '', '', '11.80', '0.00', 111, '', '', 1),
(227, 36, '碧海星辰', '6GB 128GB 全网通', '4599.00', '0.00', 31, '', NULL, 255),
(208, 51, '', '', '11.90', '0.00', 111, '', NULL, 255),
(226, 36, '静默星空', '8GB 256GB 全网通', '5599.00', '0.00', 11, '', NULL, 255),
(275, 52, '黑色', '', '25.00', '80.00', 9999, '', 'data/files/store_2/goods/20230307150203684.thumb.jpg', 255),
(173, 53, '3L', '', '93.00', '0.00', 111, '', '', 0),
(174, 53, '5L', '', '160.00', '0.00', 111, '', '', 1),
(176, 55, '', '', '9.90', '0.00', 113, '', '', 1),
(177, 56, '300g', '', '43.00', '0.00', 40, '', '', 0),
(178, 56, '500g', '', '5.00', '0.00', 0, '', '', 1),
(179, 56, '700g', '', '57.00', '0.00', 69, '', '', 2),
(180, 57, '', '', '5.98', '0.00', 111, '', '', 1),
(181, 58, '', '', '12.90', '0.00', 97, '', '', 1),
(183, 60, '', '', '42.00', '0.00', 556, '', '', 1),
(184, 61, '', '', '31.99', '0.00', 110, '', '', 1),
(186, 62, '大粒', '', '36.80', '0.00', 95, '', 'data/files/store_2/1120220826155154938.jpg', 0),
(187, 62, '超大粒', '', '43.80', '0.00', 298, '', '', 1),
(194, 63, '500g', '', '13.90', '0.00', 109, '', '', 0),
(190, 64, '500g', '三鲜', '9.90', '0.00', 109, '', '', 0),
(191, 64, '500g', '鲜肉', '9.90', '0.00', 109, '', '', 1),
(192, 64, '1000g', '三鲜', '16.90', '0.00', 106, '', '', 2),
(193, 64, '1000g', '鲜肉', '16.90', '0.00', 111, '', '', 3),
(195, 63, '1000g', '', '22.90', '0.00', 111, '', '', 1),
(196, 63, '2000g', '', '40.90', '0.00', 111, '', '', 2),
(198, 5, '60寸', '', '3999.00', '0.00', 300, '', '', 1),
(199, 65, '', '', '20.00', '0.00', 667, '', '', 1),
(223, 54, '', '', '59.80', '0.00', 1000, '', '', 1),
(228, 36, '碧海星辰', '8GB 128GB 全网通', '4599.00', '0.00', 51, '', NULL, 255),
(229, 36, '碧海星辰', '8GB 256GB 全网通', '5599.00', '0.00', 41, '', NULL, 255),
(230, 36, '湖光秋色', '6GB 128GB 全网通', '4599.00', '0.00', 31, '', NULL, 255),
(231, 36, '湖光秋色', '8GB 128GB 全网通', '4599.00', '0.00', 21, '', NULL, 255),
(232, 36, '湖光秋色', '8GB 256GB 全网通', '5599.00', '0.00', 11, '', NULL, 255),
(266, 15, '', '', '44.00', '0.00', 443, '', NULL, 255),
(278, 9, '', '', '49.00', '0.00', 1000, '', NULL, 255),
(277, 49, '', '', '400.00', '700.00', 8870, '', NULL, 255),
(276, 52, '蓝色', '', '20.00', '80.00', 9999, '', 'data/files/store_2/goods/20230307150206607.thumb.jpg', 255);


--
-- 转存表中的数据 `swd_plugin`
--
delete from `swd_plugin`;
INSERT INTO `swd_plugin` (`id`, `instance`, `code`, `name`, `desc`, `config`, `enabled`) VALUES(1, 'payment', 'deposit', '余额支付', '余额支付是您在网站上的虚拟资金帐户', '', 1);

--
-- 转存表中的数据 `swd_region`
--
delete from `swd_region`;
INSERT INTO `swd_region` (`region_id`, `parent_id`,`letter`, `name`) VALUES
(11,0,'b','北京'),
(1101,11,'b','北京市'),
(110101,1101,'d','东城区'),
(110102,1101,'x','西城区'),
(110105,1101,'c','朝阳区'),
(110106,1101,'f','丰台区'),
(110107,1101,'s','石景山区'),
(110108,1101,'h','海淀区'),
(110109,1101,'m','门头沟区'),
(110111,1101,'f','房山区'),
(110112,1101,'t','通州区'),
(110113,1101,'s','顺义区'),
(110114,1101,'c','昌平区'),
(110115,1101,'d','大兴区'),
(110116,1101,'h','怀柔区'),
(110117,1101,'p','平谷区'),
(110118,1101,'m','密云区'),
(110119,1101,'y','延庆区'),
(12,0,'t','天津'),
(1201,12,'t','天津市'),
(120101,1201,'h','和平区'),
(120102,1201,'h','河东区'),
(120103,1201,'h','河西区'),
(120104,1201,'n','南开区'),
(120105,1201,'h','河北区'),
(120106,1201,'h','红桥区'),
(120110,1201,'d','东丽区'),
(120111,1201,'x','西青区'),
(120112,1201,'j','津南区'),
(120113,1201,'b','北辰区'),
(120114,1201,'w','武清区'),
(120115,1201,'b','宝坻区'),
(120116,1201,'b','滨海新区'),
(120117,1201,'n','宁河区'),
(120118,1201,'j','静海区'),
(120119,1201,'j','蓟州区'),
(13,0,'h','河北省'),
(1301,13,'s','石家庄市'),
(130102,1301,'c','长安区'),
(130104,1301,'q','桥西区'),
(130105,1301,'x','新华区'),
(130107,1301,'j','井陉矿区'),
(130108,1301,'y','裕华区'),
(130109,1301,'g','藁城区'),
(130110,1301,'l','鹿泉区'),
(130111,1301,'l','栾城区'),
(130121,1301,'j','井陉县'),
(130123,1301,'z','正定县'),
(130125,1301,'x','行唐县'),
(130126,1301,'l','灵寿县'),
(130127,1301,'g','高邑县'),
(130128,1301,'s','深泽县'),
(130129,1301,'z','赞皇县'),
(130130,1301,'w','无极县'),
(130131,1301,'p','平山县'),
(130132,1301,'y','元氏县'),
(130133,1301,'z','赵县'),
(130181,1301,'x','辛集市'),
(130183,1301,'j','晋州市'),
(130184,1301,'x','新乐市'),
(1302,13,'t','唐山市'),
(130202,1302,'l','路南区'),
(130203,1302,'l','路北区'),
(130204,1302,'g','古冶区'),
(130205,1302,'k','开平区'),
(130207,1302,'f','丰南区'),
(130208,1302,'f','丰润区'),
(130209,1302,'c','曹妃甸区'),
(130224,1302,'l','滦南县'),
(130225,1302,'l','乐亭县'),
(130227,1302,'q','迁西县'),
(130229,1302,'y','玉田县'),
(130281,1302,'z','遵化市'),
(130283,1302,'q','迁安市'),
(130284,1302,'l','滦州市'),
(1303,13,'q','秦皇岛市'),
(130302,1303,'h','海港区'),
(130303,1303,'s','山海关区'),
(130304,1303,'b','北戴河区'),
(130306,1303,'f','抚宁区'),
(130321,1303,'q','青龙满族自治县'),
(130322,1303,'c','昌黎县'),
(130324,1303,'l','卢龙县'),
(1304,13,'h','邯郸市'),
(130402,1304,'h','邯山区'),
(130403,1304,'c','丛台区'),
(130404,1304,'f','复兴区'),
(130406,1304,'f','峰峰矿区'),
(130407,1304,'f','肥乡区'),
(130408,1304,'y','永年区'),
(130423,1304,'l','临漳县'),
(130424,1304,'c','成安县'),
(130425,1304,'d','大名县'),
(130426,1304,'s','涉县'),
(130427,1304,'c','磁县'),
(130430,1304,'q','邱县'),
(130431,1304,'j','鸡泽县'),
(130432,1304,'g','广平县'),
(130433,1304,'g','馆陶县'),
(130434,1304,'w','魏县'),
(130435,1304,'q','曲周县'),
(130481,1304,'w','武安市'),
(1305,13,'x','邢台市'),
(130502,1305,'x','襄都区'),
(130503,1305,'x','信都区'),
(130505,1305,'r','任泽区'),
(130506,1305,'n','南和区'),
(130522,1305,'l','临城县'),
(130523,1305,'n','内丘县'),
(130524,1305,'b','柏乡县'),
(130525,1305,'l','隆尧县'),
(130528,1305,'n','宁晋县'),
(130529,1305,'j','巨鹿县'),
(130530,1305,'x','新河县'),
(130531,1305,'g','广宗县'),
(130532,1305,'p','平乡县'),
(130533,1305,'w','威县'),
(130534,1305,'q','清河县'),
(130535,1305,'l','临西县'),
(130581,1305,'n','南宫市'),
(130582,1305,'s','沙河市'),
(1306,13,'b','保定市'),
(130602,1306,'j','竞秀区'),
(130606,1306,'l','莲池区'),
(130607,1306,'m','满城区'),
(130608,1306,'q','清苑区'),
(130609,1306,'x','徐水区'),
(130623,1306,'l','涞水县'),
(130624,1306,'f','阜平县'),
(130626,1306,'d','定兴县'),
(130627,1306,'t','唐县'),
(130628,1306,'g','高阳县'),
(130629,1306,'r','容城县'),
(130630,1306,'l','涞源县'),
(130631,1306,'w','望都县'),
(130632,1306,'a','安新县'),
(130633,1306,'y','易县'),
(130634,1306,'q','曲阳县'),
(130635,1306,'l','蠡县'),
(130636,1306,'s','顺平县'),
(130637,1306,'b','博野县'),
(130638,1306,'x','雄县'),
(130681,1306,'z','涿州市'),
(130682,1306,'d','定州市'),
(130683,1306,'a','安国市'),
(130684,1306,'g','高碑店市'),
(1307,13,'z','张家口市'),
(130702,1307,'q','桥东区'),
(130703,1307,'q','桥西区'),
(130705,1307,'x','宣化区'),
(130706,1307,'x','下花园区'),
(130708,1307,'w','万全区'),
(130709,1307,'c','崇礼区'),
(130722,1307,'z','张北县'),
(130723,1307,'k','康保县'),
(130724,1307,'g','沽源县'),
(130725,1307,'s','尚义县'),
(130726,1307,'y','蔚县'),
(130727,1307,'y','阳原县'),
(130728,1307,'h','怀安县'),
(130730,1307,'h','怀来县'),
(130731,1307,'z','涿鹿县'),
(130732,1307,'c','赤城县'),
(1308,13,'c','承德市'),
(130802,1308,'s','双桥区'),
(130803,1308,'s','双滦区'),
(130804,1308,'y','鹰手营子矿区'),
(130821,1308,'c','承德县'),
(130822,1308,'x','兴隆县'),
(130824,1308,'l','滦平县'),
(130825,1308,'l','隆化县'),
(130826,1308,'f','丰宁满族自治县'),
(130827,1308,'k','宽城满族自治县'),
(130828,1308,'w','围场满族蒙古族自治县'),
(130881,1308,'p','平泉市'),
(1309,13,'c','沧州市'),
(130902,1309,'x','新华区'),
(130903,1309,'y','运河区'),
(130921,1309,'c','沧县'),
(130922,1309,'q','青县'),
(130923,1309,'d','东光县'),
(130924,1309,'h','海兴县'),
(130925,1309,'y','盐山县'),
(130926,1309,'s','肃宁县'),
(130927,1309,'n','南皮县'),
(130928,1309,'w','吴桥县'),
(130929,1309,'x','献县'),
(130930,1309,'m','孟村回族自治县'),
(130981,1309,'b','泊头市'),
(130982,1309,'r','任丘市'),
(130983,1309,'h','黄骅市'),
(130984,1309,'h','河间市'),
(1310,13,'l','廊坊市'),
(131002,1310,'a','安次区'),
(131003,1310,'g','广阳区'),
(131022,1310,'g','固安县'),
(131023,1310,'y','永清县'),
(131024,1310,'x','香河县'),
(131025,1310,'d','大城县'),
(131026,1310,'w','文安县'),
(131028,1310,'d','大厂回族自治县'),
(131081,1310,'b','霸州市'),
(131082,1310,'s','三河市'),
(1311,13,'h','衡水市'),
(131102,1311,'t','桃城区'),
(131103,1311,'j','冀州区'),
(131121,1311,'z','枣强县'),
(131122,1311,'w','武邑县'),
(131123,1311,'w','武强县'),
(131124,1311,'r','饶阳县'),
(131125,1311,'a','安平县'),
(131126,1311,'g','故城县'),
(131127,1311,'j','景县'),
(131128,1311,'f','阜城县'),
(131182,1311,'s','深州市'),
(14,0,'s','山西省'),
(1401,14,'t','太原市'),
(140105,1401,'x','小店区'),
(140106,1401,'y','迎泽区'),
(140107,1401,'x','杏花岭区'),
(140108,1401,'j','尖草坪区'),
(140109,1401,'w','万柏林区'),
(140110,1401,'j','晋源区'),
(140121,1401,'q','清徐县'),
(140122,1401,'y','阳曲县'),
(140123,1401,'l','娄烦县'),
(140181,1401,'g','古交市'),
(1402,14,'d','大同市'),
(140212,1402,'x','新荣区'),
(140213,1402,'p','平城区'),
(140214,1402,'y','云冈区'),
(140215,1402,'y','云州区'),
(140221,1402,'y','阳高县'),
(140222,1402,'t','天镇县'),
(140223,1402,'g','广灵县'),
(140224,1402,'l','灵丘县'),
(140225,1402,'h','浑源县'),
(140226,1402,'z','左云县'),
(1403,14,'y','阳泉市'),
(140302,1403,'c','城区'),
(140303,1403,'k','矿区'),
(140311,1403,'j','郊区'),
(140321,1403,'p','平定县'),
(140322,1403,'y','盂县'),
(1404,14,'c','长治市'),
(140403,1404,'l','潞州区'),
(140404,1404,'s','上党区'),
(140405,1404,'t','屯留区'),
(140406,1404,'l','潞城区'),
(140423,1404,'x','襄垣县'),
(140425,1404,'p','平顺县'),
(140426,1404,'l','黎城县'),
(140427,1404,'h','壶关县'),
(140428,1404,'z','长子县'),
(140429,1404,'w','武乡县'),
(140430,1404,'q','沁县'),
(140431,1404,'q','沁源县'),
(1405,14,'j','晋城市'),
(140502,1405,'c','城区'),
(140521,1405,'q','沁水县'),
(140522,1405,'y','阳城县'),
(140524,1405,'l','陵川县'),
(140525,1405,'z','泽州县'),
(140581,1405,'g','高平市'),
(1406,14,'s','朔州市'),
(140602,1406,'s','朔城区'),
(140603,1406,'p','平鲁区'),
(140621,1406,'s','山阴县'),
(140622,1406,'y','应县'),
(140623,1406,'y','右玉县'),
(140681,1406,'h','怀仁市'),
(1407,14,'j','晋中市'),
(140702,1407,'y','榆次区'),
(140703,1407,'t','太谷区'),
(140721,1407,'y','榆社县'),
(140722,1407,'z','左权县'),
(140723,1407,'h','和顺县'),
(140724,1407,'x','昔阳县'),
(140725,1407,'s','寿阳县'),
(140727,1407,'q','祁县'),
(140728,1407,'p','平遥县'),
(140729,1407,'l','灵石县'),
(140781,1407,'j','介休市'),
(1408,14,'y','运城市'),
(140802,1408,'y','盐湖区'),
(140821,1408,'l','临猗县'),
(140822,1408,'w','万荣县'),
(140823,1408,'w','闻喜县'),
(140824,1408,'j','稷山县'),
(140825,1408,'x','新绛县'),
(140826,1408,'j','绛县'),
(140827,1408,'y','垣曲县'),
(140828,1408,'x','夏县'),
(140829,1408,'p','平陆县'),
(140830,1408,'r','芮城县'),
(140881,1408,'y','永济市'),
(140882,1408,'h','河津市'),
(1409,14,'x','忻州市'),
(140902,1409,'x','忻府区'),
(140921,1409,'d','定襄县'),
(140922,1409,'w','五台县'),
(140923,1409,'d','代县'),
(140924,1409,'f','繁峙县'),
(140925,1409,'n','宁武县'),
(140926,1409,'j','静乐县'),
(140927,1409,'s','神池县'),
(140928,1409,'w','五寨县'),
(140929,1409,'k','岢岚县'),
(140930,1409,'h','河曲县'),
(140931,1409,'b','保德县'),
(140932,1409,'p','偏关县'),
(140981,1409,'y','原平市'),
(1410,14,'l','临汾市'),
(141002,1410,'y','尧都区'),
(141021,1410,'q','曲沃县'),
(141022,1410,'y','翼城县'),
(141023,1410,'x','襄汾县'),
(141024,1410,'h','洪洞县'),
(141025,1410,'g','古县'),
(141026,1410,'a','安泽县'),
(141027,1410,'f','浮山县'),
(141028,1410,'j','吉县'),
(141029,1410,'x','乡宁县'),
(141030,1410,'d','大宁县'),
(141031,1410,'x','隰县'),
(141032,1410,'y','永和县'),
(141033,1410,'p','蒲县'),
(141034,1410,'f','汾西县'),
(141081,1410,'h','侯马市'),
(141082,1410,'h','霍州市'),
(1411,14,'l','吕梁市'),
(141102,1411,'l','离石区'),
(141121,1411,'w','文水县'),
(141122,1411,'j','交城县'),
(141123,1411,'x','兴县'),
(141124,1411,'l','临县'),
(141125,1411,'l','柳林县'),
(141126,1411,'s','石楼县'),
(141127,1411,'l','岚县'),
(141128,1411,'f','方山县'),
(141129,1411,'z','中阳县'),
(141130,1411,'j','交口县'),
(141181,1411,'x','孝义市'),
(141182,1411,'f','汾阳市'),
(15,0,'n','内蒙古自治区'),
(1501,15,'h','呼和浩特市'),
(150102,1501,'x','新城区'),
(150103,1501,'h','回民区'),
(150104,1501,'y','玉泉区'),
(150105,1501,'s','赛罕区'),
(150121,1501,'t','土默特左旗'),
(150122,1501,'t','托克托县'),
(150123,1501,'h','和林格尔县'),
(150124,1501,'q','清水河县'),
(150125,1501,'w','武川县'),
(1502,15,'b','包头市'),
(150202,1502,'d','东河区'),
(150203,1502,'k','昆都仑区'),
(150204,1502,'q','青山区'),
(150205,1502,'s','石拐区'),
(150206,1502,'b','白云鄂博矿区'),
(150207,1502,'j','九原区'),
(150221,1502,'t','土默特右旗'),
(150222,1502,'g','固阳县'),
(150223,1502,'d','达尔罕茂明安联合旗'),
(1503,15,'w','乌海市'),
(150302,1503,'h','海勃湾区'),
(150303,1503,'h','海南区'),
(150304,1503,'w','乌达区'),
(1504,15,'c','赤峰市'),
(150402,1504,'h','红山区'),
(150403,1504,'y','元宝山区'),
(150404,1504,'s','松山区'),
(150421,1504,'a','阿鲁科尔沁旗'),
(150422,1504,'b','巴林左旗'),
(150423,1504,'b','巴林右旗'),
(150424,1504,'l','林西县'),
(150425,1504,'k','克什克腾旗'),
(150426,1504,'w','翁牛特旗'),
(150428,1504,'k','喀喇沁旗'),
(150429,1504,'n','宁城县'),
(150430,1504,'a','敖汉旗'),
(1505,15,'t','通辽市'),
(150502,1505,'k','科尔沁区'),
(150521,1505,'k','科尔沁左翼中旗'),
(150522,1505,'k','科尔沁左翼后旗'),
(150523,1505,'k','开鲁县'),
(150524,1505,'k','库伦旗'),
(150525,1505,'n','奈曼旗'),
(150526,1505,'z','扎鲁特旗'),
(150581,1505,'h','霍林郭勒市'),
(1506,15,'e','鄂尔多斯市'),
(150602,1506,'d','东胜区'),
(150603,1506,'k','康巴什区'),
(150621,1506,'d','达拉特旗'),
(150622,1506,'z','准格尔旗'),
(150623,1506,'e','鄂托克前旗'),
(150624,1506,'e','鄂托克旗'),
(150625,1506,'h','杭锦旗'),
(150626,1506,'w','乌审旗'),
(150627,1506,'y','伊金霍洛旗'),
(1507,15,'h','呼伦贝尔市'),
(150702,1507,'h','海拉尔区'),
(150703,1507,'z','扎赉诺尔区'),
(150721,1507,'a','阿荣旗'),
(150722,1507,'m','莫力达瓦达斡尔族自治旗'),
(150723,1507,'e','鄂伦春自治旗'),
(150724,1507,'e','鄂温克族自治旗'),
(150725,1507,'c','陈巴尔虎旗'),
(150726,1507,'x','新巴尔虎左旗'),
(150727,1507,'x','新巴尔虎右旗'),
(150781,1507,'m','满洲里市'),
(150782,1507,'y','牙克石市'),
(150783,1507,'z','扎兰屯市'),
(150784,1507,'e','额尔古纳市'),
(150785,1507,'g','根河市'),
(1508,15,'b','巴彦淖尔市'),
(150802,1508,'l','临河区'),
(150821,1508,'w','五原县'),
(150822,1508,'d','磴口县'),
(150823,1508,'w','乌拉特前旗'),
(150824,1508,'w','乌拉特中旗'),
(150825,1508,'w','乌拉特后旗'),
(150826,1508,'h','杭锦后旗'),
(1509,15,'w','乌兰察布市'),
(150902,1509,'j','集宁区'),
(150921,1509,'z','卓资县'),
(150922,1509,'h','化德县'),
(150923,1509,'s','商都县'),
(150924,1509,'x','兴和县'),
(150925,1509,'l','凉城县'),
(150926,1509,'c','察哈尔右翼前旗'),
(150927,1509,'c','察哈尔右翼中旗'),
(150928,1509,'c','察哈尔右翼后旗'),
(150929,1509,'s','四子王旗'),
(150981,1509,'f','丰镇市'),
(1522,15,'x','兴安盟'),
(152201,1522,'w','乌兰浩特市'),
(152202,1522,'a','阿尔山市'),
(152221,1522,'k','科尔沁右翼前旗'),
(152222,1522,'k','科尔沁右翼中旗'),
(152223,1522,'z','扎赉特旗'),
(152224,1522,'t','突泉县'),
(1525,15,'x','锡林郭勒盟'),
(152501,1525,'e','二连浩特市'),
(152502,1525,'x','锡林浩特市'),
(152522,1525,'a','阿巴嘎旗'),
(152523,1525,'s','苏尼特左旗'),
(152524,1525,'s','苏尼特右旗'),
(152525,1525,'d','东乌珠穆沁旗'),
(152526,1525,'x','西乌珠穆沁旗'),
(152527,1525,'t','太仆寺旗'),
(152528,1525,'x','镶黄旗'),
(152529,1525,'z','正镶白旗'),
(152530,1525,'z','正蓝旗'),
(152531,1525,'d','多伦县'),
(1529,15,'a','阿拉善盟'),
(152921,1529,'a','阿拉善左旗'),
(152922,1529,'a','阿拉善右旗'),
(152923,1529,'e','额济纳旗'),
(21,0,'l','辽宁省'),
(2101,21,'s','沈阳市'),
(210102,2101,'h','和平区'),
(210103,2101,'s','沈河区'),
(210104,2101,'d','大东区'),
(210105,2101,'h','皇姑区'),
(210106,2101,'t','铁西区'),
(210111,2101,'s','苏家屯区'),
(210112,2101,'h','浑南区'),
(210113,2101,'s','沈北新区'),
(210114,2101,'y','于洪区'),
(210115,2101,'l','辽中区'),
(210123,2101,'k','康平县'),
(210124,2101,'f','法库县'),
(210181,2101,'x','新民市'),
(2102,21,'d','大连市'),
(210202,2102,'z','中山区'),
(210203,2102,'x','西岗区'),
(210204,2102,'s','沙河口区'),
(210211,2102,'g','甘井子区'),
(210212,2102,'l','旅顺口区'),
(210213,2102,'j','金州区'),
(210214,2102,'p','普兰店区'),
(210224,2102,'c','长海县'),
(210281,2102,'w','瓦房店市'),
(210283,2102,'z','庄河市'),
(2103,21,'a','鞍山市'),
(210302,2103,'t','铁东区'),
(210303,2103,'t','铁西区'),
(210304,2103,'l','立山区'),
(210311,2103,'q','千山区'),
(210321,2103,'t','台安县'),
(210323,2103,'x','岫岩满族自治县'),
(210381,2103,'h','海城市'),
(2104,21,'f','抚顺市'),
(210402,2104,'x','新抚区'),
(210403,2104,'d','东洲区'),
(210404,2104,'w','望花区'),
(210411,2104,'s','顺城区'),
(210421,2104,'f','抚顺县'),
(210422,2104,'x','新宾满族自治县'),
(210423,2104,'q','清原满族自治县'),
(2105,21,'b','本溪市'),
(210502,2105,'p','平山区'),
(210503,2105,'x','溪湖区'),
(210504,2105,'m','明山区'),
(210505,2105,'n','南芬区'),
(210521,2105,'b','本溪满族自治县'),
(210522,2105,'h','桓仁满族自治县'),
(2106,21,'d','丹东市'),
(210602,2106,'y','元宝区'),
(210603,2106,'z','振兴区'),
(210604,2106,'z','振安区'),
(210624,2106,'k','宽甸满族自治县'),
(210681,2106,'d','东港市'),
(210682,2106,'f','凤城市'),
(2107,21,'j','锦州市'),
(210702,2107,'g','古塔区'),
(210703,2107,'l','凌河区'),
(210711,2107,'t','太和区'),
(210726,2107,'h','黑山县'),
(210727,2107,'y','义县'),
(210781,2107,'l','凌海市'),
(210782,2107,'b','北镇市'),
(2108,21,'y','营口市'),
(210802,2108,'z','站前区'),
(210803,2108,'x','西市区'),
(210804,2108,'b','鲅鱼圈区'),
(210811,2108,'l','老边区'),
(210881,2108,'g','盖州市'),
(210882,2108,'d','大石桥市'),
(2109,21,'f','阜新市'),
(210902,2109,'h','海州区'),
(210903,2109,'x','新邱区'),
(210904,2109,'t','太平区'),
(210905,2109,'q','清河门区'),
(210911,2109,'x','细河区'),
(210921,2109,'f','阜新蒙古族自治县'),
(210922,2109,'z','彰武县'),
(2110,21,'l','辽阳市'),
(211002,2110,'b','白塔区'),
(211003,2110,'w','文圣区'),
(211004,2110,'h','宏伟区'),
(211005,2110,'g','弓长岭区'),
(211011,2110,'t','太子河区'),
(211021,2110,'l','辽阳县'),
(211081,2110,'d','灯塔市'),
(2111,21,'p','盘锦市'),
(211102,2111,'s','双台子区'),
(211103,2111,'x','兴隆台区'),
(211104,2111,'d','大洼区'),
(211122,2111,'p','盘山县'),
(2112,21,'t','铁岭市'),
(211202,2112,'y','银州区'),
(211204,2112,'q','清河区'),
(211221,2112,'t','铁岭县'),
(211223,2112,'x','西丰县'),
(211224,2112,'c','昌图县'),
(211281,2112,'d','调兵山市'),
(211282,2112,'k','开原市'),
(2113,21,'c','朝阳市'),
(211302,2113,'s','双塔区'),
(211303,2113,'l','龙城区'),
(211321,2113,'c','朝阳县'),
(211322,2113,'j','建平县'),
(211324,2113,'k','喀喇沁左翼蒙古族自治县'),
(211381,2113,'b','北票市'),
(211382,2113,'l','凌源市'),
(2114,21,'h','葫芦岛市'),
(211402,2114,'l','连山区'),
(211403,2114,'l','龙港区'),
(211404,2114,'n','南票区'),
(211421,2114,'s','绥中县'),
(211422,2114,'j','建昌县'),
(211481,2114,'x','兴城市'),
(22,0,'j','吉林省'),
(2201,22,'c','长春市'),
(220102,2201,'n','南关区'),
(220103,2201,'k','宽城区'),
(220104,2201,'c','朝阳区'),
(220105,2201,'e','二道区'),
(220106,2201,'l','绿园区'),
(220112,2201,'s','双阳区'),
(220113,2201,'j','九台区'),
(220122,2201,'n','农安县'),
(220182,2201,'y','榆树市'),
(220183,2201,'d','德惠市'),
(220184,2201,'g','公主岭市'),
(2202,22,'j','吉林市'),
(220202,2202,'c','昌邑区'),
(220203,2202,'l','龙潭区'),
(220204,2202,'c','船营区'),
(220211,2202,'f','丰满区'),
(220221,2202,'y','永吉县'),
(220281,2202,'j','蛟河市'),
(220282,2202,'h','桦甸市'),
(220283,2202,'s','舒兰市'),
(220284,2202,'p','磐石市'),
(2203,22,'s','四平市'),
(220302,2203,'t','铁西区'),
(220303,2203,'t','铁东区'),
(220322,2203,'l','梨树县'),
(220323,2203,'y','伊通满族自治县'),
(220382,2203,'s','双辽市'),
(2204,22,'l','辽源市'),
(220402,2204,'l','龙山区'),
(220403,2204,'x','西安区'),
(220421,2204,'d','东丰县'),
(220422,2204,'d','东辽县'),
(2205,22,'t','通化市'),
(220502,2205,'d','东昌区'),
(220503,2205,'e','二道江区'),
(220521,2205,'t','通化县'),
(220523,2205,'h','辉南县'),
(220524,2205,'l','柳河县'),
(220581,2205,'m','梅河口市'),
(220582,2205,'j','集安市'),
(2206,22,'b','白山市'),
(220602,2206,'h','浑江区'),
(220605,2206,'j','江源区'),
(220621,2206,'f','抚松县'),
(220622,2206,'j','靖宇县'),
(220623,2206,'c','长白朝鲜族自治县'),
(220681,2206,'l','临江市'),
(2207,22,'s','松原市'),
(220702,2207,'n','宁江区'),
(220721,2207,'q','前郭尔罗斯蒙古族自治县'),
(220722,2207,'c','长岭县'),
(220723,2207,'q','乾安县'),
(220781,2207,'f','扶余市'),
(2208,22,'b','白城市'),
(220802,2208,'t','洮北区'),
(220821,2208,'z','镇赉县'),
(220822,2208,'t','通榆县'),
(220881,2208,'t','洮南市'),
(220882,2208,'d','大安市'),
(2224,22,'y','延边朝鲜族自治州'),
(222401,2224,'y','延吉市'),
(222402,2224,'t','图们市'),
(222403,2224,'d','敦化市'),
(222404,2224,'h','珲春市'),
(222405,2224,'l','龙井市'),
(222406,2224,'h','和龙市'),
(222424,2224,'w','汪清县'),
(222426,2224,'a','安图县'),
(23,0,'h','黑龙江省'),
(2301,23,'h','哈尔滨市'),
(230102,2301,'d','道里区'),
(230103,2301,'n','南岗区'),
(230104,2301,'d','道外区'),
(230108,2301,'p','平房区'),
(230109,2301,'s','松北区'),
(230110,2301,'x','香坊区'),
(230111,2301,'h','呼兰区'),
(230112,2301,'a','阿城区'),
(230113,2301,'s','双城区'),
(230123,2301,'y','依兰县'),
(230124,2301,'f','方正县'),
(230125,2301,'b','宾县'),
(230126,2301,'b','巴彦县'),
(230127,2301,'m','木兰县'),
(230128,2301,'t','通河县'),
(230129,2301,'y','延寿县'),
(230183,2301,'s','尚志市'),
(230184,2301,'w','五常市'),
(2302,23,'q','齐齐哈尔市'),
(230202,2302,'l','龙沙区'),
(230203,2302,'j','建华区'),
(230204,2302,'t','铁锋区'),
(230205,2302,'a','昂昂溪区'),
(230206,2302,'f','富拉尔基区'),
(230207,2302,'n','碾子山区'),
(230208,2302,'m','梅里斯达斡尔族区'),
(230221,2302,'l','龙江县'),
(230223,2302,'y','依安县'),
(230224,2302,'t','泰来县'),
(230225,2302,'g','甘南县'),
(230227,2302,'f','富裕县'),
(230229,2302,'k','克山县'),
(230230,2302,'k','克东县'),
(230231,2302,'b','拜泉县'),
(230281,2302,'n','讷河市'),
(2303,23,'j','鸡西市'),
(230302,2303,'j','鸡冠区'),
(230303,2303,'h','恒山区'),
(230304,2303,'d','滴道区'),
(230305,2303,'l','梨树区'),
(230306,2303,'c','城子河区'),
(230307,2303,'m','麻山区'),
(230321,2303,'j','鸡东县'),
(230381,2303,'h','虎林市'),
(230382,2303,'m','密山市'),
(2304,23,'h','鹤岗市'),
(230402,2304,'x','向阳区'),
(230403,2304,'g','工农区'),
(230404,2304,'n','南山区'),
(230405,2304,'x','兴安区'),
(230406,2304,'d','东山区'),
(230407,2304,'x','兴山区'),
(230421,2304,'l','萝北县'),
(230422,2304,'s','绥滨县'),
(2305,23,'s','双鸭山市'),
(230502,2305,'j','尖山区'),
(230503,2305,'l','岭东区'),
(230505,2305,'s','四方台区'),
(230506,2305,'b','宝山区'),
(230521,2305,'j','集贤县'),
(230522,2305,'y','友谊县'),
(230523,2305,'b','宝清县'),
(230524,2305,'r','饶河县'),
(2306,23,'d','大庆市'),
(230602,2306,'s','萨尔图区'),
(230603,2306,'l','龙凤区'),
(230604,2306,'r','让胡路区'),
(230605,2306,'h','红岗区'),
(230606,2306,'d','大同区'),
(230621,2306,'z','肇州县'),
(230622,2306,'z','肇源县'),
(230623,2306,'l','林甸县'),
(230624,2306,'d','杜尔伯特蒙古族自治县'),
(2307,23,'y','伊春市'),
(230717,2307,'y','伊美区'),
(230718,2307,'w','乌翠区'),
(230719,2307,'y','友好区'),
(230722,2307,'j','嘉荫县'),
(230723,2307,'t','汤旺县'),
(230724,2307,'f','丰林县'),
(230725,2307,'d','大箐山县'),
(230726,2307,'n','南岔县'),
(230751,2307,'j','金林区'),
(230781,2307,'t','铁力市'),
(2308,23,'j','佳木斯市'),
(230803,2308,'x','向阳区'),
(230804,2308,'q','前进区'),
(230805,2308,'d','东风区'),
(230811,2308,'j','郊区'),
(230822,2308,'h','桦南县'),
(230826,2308,'h','桦川县'),
(230828,2308,'t','汤原县'),
(230881,2308,'t','同江市'),
(230882,2308,'f','富锦市'),
(230883,2308,'f','抚远市'),
(2309,23,'q','七台河市'),
(230902,2309,'x','新兴区'),
(230903,2309,'t','桃山区'),
(230904,2309,'q','茄子河区'),
(230921,2309,'b','勃利县'),
(2310,23,'m','牡丹江市'),
(231002,2310,'d','东安区'),
(231003,2310,'y','阳明区'),
(231004,2310,'a','爱民区'),
(231005,2310,'x','西安区'),
(231025,2310,'l','林口县'),
(231081,2310,'s','绥芬河市'),
(231083,2310,'h','海林市'),
(231084,2310,'n','宁安市'),
(231085,2310,'m','穆棱市'),
(231086,2310,'d','东宁市'),
(2311,23,'h','黑河市'),
(231102,2311,'a','爱辉区'),
(231123,2311,'x','逊克县'),
(231124,2311,'s','孙吴县'),
(231181,2311,'b','北安市'),
(231182,2311,'w','五大连池市'),
(231183,2311,'n','嫩江市'),
(2312,23,'s','绥化市'),
(231202,2312,'b','北林区'),
(231221,2312,'w','望奎县'),
(231222,2312,'l','兰西县'),
(231223,2312,'q','青冈县'),
(231224,2312,'q','庆安县'),
(231225,2312,'m','明水县'),
(231226,2312,'s','绥棱县'),
(231281,2312,'a','安达市'),
(231282,2312,'z','肇东市'),
(231283,2312,'h','海伦市'),
(2327,23,'d','大兴安岭地区'),
(232701,2327,'m','漠河市'),
(232718,2327,'j','加格达奇区'),
(232721,2327,'h','呼玛县'),
(232722,2327,'t','塔河县'),
(31,0,'s','上海'),
(3101,31,'s','上海市'),
(310101,3101,'h','黄浦区'),
(310104,3101,'x','徐汇区'),
(310105,3101,'c','长宁区'),
(310106,3101,'j','静安区'),
(310107,3101,'p','普陀区'),
(310109,3101,'h','虹口区'),
(310110,3101,'y','杨浦区'),
(310112,3101,'m','闵行区'),
(310113,3101,'b','宝山区'),
(310114,3101,'j','嘉定区'),
(310115,3101,'p','浦东新区'),
(310116,3101,'j','金山区'),
(310117,3101,'s','松江区'),
(310118,3101,'q','青浦区'),
(310120,3101,'f','奉贤区'),
(310151,3101,'c','崇明区'),
(32,0,'j','江苏省'),
(3201,32,'n','南京市'),
(320102,3201,'x','玄武区'),
(320104,3201,'q','秦淮区'),
(320105,3201,'j','建邺区'),
(320106,3201,'g','鼓楼区'),
(320111,3201,'p','浦口区'),
(320113,3201,'q','栖霞区'),
(320114,3201,'y','雨花台区'),
(320115,3201,'j','江宁区'),
(320116,3201,'l','六合区'),
(320117,3201,'l','溧水区'),
(320118,3201,'g','高淳区'),
(3202,32,'w','无锡市'),
(320205,3202,'x','锡山区'),
(320206,3202,'h','惠山区'),
(320211,3202,'b','滨湖区'),
(320213,3202,'l','梁溪区'),
(320214,3202,'x','新吴区'),
(320281,3202,'j','江阴市'),
(320282,3202,'y','宜兴市'),
(3203,32,'x','徐州市'),
(320302,3203,'g','鼓楼区'),
(320303,3203,'y','云龙区'),
(320305,3203,'j','贾汪区'),
(320311,3203,'q','泉山区'),
(320312,3203,'t','铜山区'),
(320321,3203,'f','丰县'),
(320322,3203,'p','沛县'),
(320324,3203,'s','睢宁县'),
(320381,3203,'x','新沂市'),
(320382,3203,'p','邳州市'),
(3204,32,'c','常州市'),
(320402,3204,'t','天宁区'),
(320404,3204,'z','钟楼区'),
(320411,3204,'x','新北区'),
(320412,3204,'w','武进区'),
(320413,3204,'j','金坛区'),
(320481,3204,'l','溧阳市'),
(3205,32,'s','苏州市'),
(320505,3205,'h','虎丘区'),
(320506,3205,'w','吴中区'),
(320507,3205,'x','相城区'),
(320508,3205,'g','姑苏区'),
(320509,3205,'w','吴江区'),
(320581,3205,'c','常熟市'),
(320582,3205,'z','张家港市'),
(320583,3205,'k','昆山市'),
(320585,3205,'t','太仓市'),
(3206,32,'n','南通市'),
(320612,3206,'t','通州区'),
(320613,3206,'c','崇川区'),
(320614,3206,'h','海门区'),
(320623,3206,'r','如东县'),
(320681,3206,'q','启东市'),
(320682,3206,'r','如皋市'),
(320685,3206,'h','海安市'),
(3207,32,'l','连云港市'),
(320703,3207,'l','连云区'),
(320706,3207,'h','海州区'),
(320707,3207,'g','赣榆区'),
(320722,3207,'d','东海县'),
(320723,3207,'g','灌云县'),
(320724,3207,'g','灌南县'),
(3208,32,'h','淮安市'),
(320803,3208,'h','淮安区'),
(320804,3208,'h','淮阴区'),
(320812,3208,'q','清江浦区'),
(320813,3208,'h','洪泽区'),
(320826,3208,'l','涟水县'),
(320830,3208,'x','盱眙县'),
(320831,3208,'j','金湖县'),
(3209,32,'y','盐城市'),
(320902,3209,'t','亭湖区'),
(320903,3209,'y','盐都区'),
(320904,3209,'d','大丰区'),
(320921,3209,'x','响水县'),
(320922,3209,'b','滨海县'),
(320923,3209,'f','阜宁县'),
(320924,3209,'s','射阳县'),
(320925,3209,'j','建湖县'),
(320981,3209,'d','东台市'),
(3210,32,'y','扬州市'),
(321002,3210,'g','广陵区'),
(321003,3210,'h','邗江区'),
(321012,3210,'j','江都区'),
(321023,3210,'b','宝应县'),
(321081,3210,'y','仪征市'),
(321084,3210,'g','高邮市'),
(3211,32,'z','镇江市'),
(321102,3211,'j','京口区'),
(321111,3211,'r','润州区'),
(321112,3211,'d','丹徒区'),
(321181,3211,'d','丹阳市'),
(321182,3211,'y','扬中市'),
(321183,3211,'j','句容市'),
(3212,32,'t','泰州市'),
(321202,3212,'h','海陵区'),
(321203,3212,'g','高港区'),
(321204,3212,'j','姜堰区'),
(321281,3212,'x','兴化市'),
(321282,3212,'j','靖江市'),
(321283,3212,'t','泰兴市'),
(3213,32,'s','宿迁市'),
(321302,3213,'s','宿城区'),
(321311,3213,'s','宿豫区'),
(321322,3213,'s','沭阳县'),
(321323,3213,'s','泗阳县'),
(321324,3213,'s','泗洪县'),
(33,0,'z','浙江省'),
(3301,33,'h','杭州市'),
(330102,3301,'s','上城区'),
(330105,3301,'g','拱墅区'),
(330106,3301,'x','西湖区'),
(330108,3301,'b','滨江区'),
(330109,3301,'x','萧山区'),
(330110,3301,'y','余杭区'),
(330111,3301,'f','富阳区'),
(330112,3301,'l','临安区'),
(330113,3301,'l','临平区'),
(330114,3301,'q','钱塘区'),
(330122,3301,'t','桐庐县'),
(330127,3301,'c','淳安县'),
(330182,3301,'j','建德市'),
(3302,33,'n','宁波市'),
(330203,3302,'h','海曙区'),
(330205,3302,'j','江北区'),
(330206,3302,'b','北仑区'),
(330211,3302,'z','镇海区'),
(330212,3302,'y','鄞州区'),
(330213,3302,'f','奉化区'),
(330225,3302,'x','象山县'),
(330226,3302,'n','宁海县'),
(330281,3302,'y','余姚市'),
(330282,3302,'c','慈溪市'),
(3303,33,'w','温州市'),
(330302,3303,'l','鹿城区'),
(330303,3303,'l','龙湾区'),
(330304,3303,'o','瓯海区'),
(330305,3303,'d','洞头区'),
(330324,3303,'y','永嘉县'),
(330326,3303,'p','平阳县'),
(330327,3303,'c','苍南县'),
(330328,3303,'w','文成县'),
(330329,3303,'t','泰顺县'),
(330381,3303,'r','瑞安市'),
(330382,3303,'y','乐清市'),
(330383,3303,'l','龙港市'),
(3304,33,'j','嘉兴市'),
(330402,3304,'n','南湖区'),
(330411,3304,'x','秀洲区'),
(330421,3304,'j','嘉善县'),
(330424,3304,'h','海盐县'),
(330481,3304,'h','海宁市'),
(330482,3304,'p','平湖市'),
(330483,3304,'t','桐乡市'),
(3305,33,'h','湖州市'),
(330502,3305,'w','吴兴区'),
(330503,3305,'n','南浔区'),
(330521,3305,'d','德清县'),
(330522,3305,'c','长兴县'),
(330523,3305,'a','安吉县'),
(3306,33,'s','绍兴市'),
(330602,3306,'y','越城区'),
(330603,3306,'k','柯桥区'),
(330604,3306,'s','上虞区'),
(330624,3306,'x','新昌县'),
(330681,3306,'z','诸暨市'),
(330683,3306,'s','嵊州市'),
(3307,33,'j','金华市'),
(330702,3307,'w','婺城区'),
(330703,3307,'j','金东区'),
(330723,3307,'w','武义县'),
(330726,3307,'p','浦江县'),
(330727,3307,'p','磐安县'),
(330781,3307,'l','兰溪市'),
(330782,3307,'y','义乌市'),
(330783,3307,'d','东阳市'),
(330784,3307,'y','永康市'),
(3308,33,'q','衢州市'),
(330802,3308,'k','柯城区'),
(330803,3308,'q','衢江区'),
(330822,3308,'c','常山县'),
(330824,3308,'k','开化县'),
(330825,3308,'l','龙游县'),
(330881,3308,'j','江山市'),
(3309,33,'z','舟山市'),
(330902,3309,'d','定海区'),
(330903,3309,'p','普陀区'),
(330921,3309,'d','岱山县'),
(330922,3309,'s','嵊泗县'),
(3310,33,'t','台州市'),
(331002,3310,'j','椒江区'),
(331003,3310,'h','黄岩区'),
(331004,3310,'l','路桥区'),
(331022,3310,'s','三门县'),
(331023,3310,'t','天台县'),
(331024,3310,'x','仙居县'),
(331081,3310,'w','温岭市'),
(331082,3310,'l','临海市'),
(331083,3310,'y','玉环市'),
(3311,33,'l','丽水市'),
(331102,3311,'l','莲都区'),
(331121,3311,'q','青田县'),
(331122,3311,'j','缙云县'),
(331123,3311,'s','遂昌县'),
(331124,3311,'s','松阳县'),
(331125,3311,'y','云和县'),
(331126,3311,'q','庆元县'),
(331127,3311,'j','景宁畲族自治县'),
(331181,3311,'l','龙泉市'),
(34,0,'a','安徽省'),
(3401,34,'h','合肥市'),
(340102,3401,'y','瑶海区'),
(340103,3401,'l','庐阳区'),
(340104,3401,'s','蜀山区'),
(340111,3401,'b','包河区'),
(340121,3401,'c','长丰县'),
(340122,3401,'f','肥东县'),
(340123,3401,'f','肥西县'),
(340124,3401,'l','庐江县'),
(340181,3401,'c','巢湖市'),
(3402,34,'w','芜湖市'),
(340202,3402,'j','镜湖区'),
(340207,3402,'j','鸠江区'),
(340209,3402,'y','弋江区'),
(340210,3402,'w','湾沚区'),
(340212,3402,'f','繁昌区'),
(340223,3402,'n','南陵县'),
(340281,3402,'w','无为市'),
(3403,34,'b','蚌埠市'),
(340302,3403,'l','龙子湖区'),
(340303,3403,'b','蚌山区'),
(340304,3403,'y','禹会区'),
(340311,3403,'h','淮上区'),
(340321,3403,'h','怀远县'),
(340322,3403,'w','五河县'),
(340323,3403,'g','固镇县'),
(3404,34,'h','淮南市'),
(340402,3404,'d','大通区'),
(340403,3404,'t','田家庵区'),
(340404,3404,'x','谢家集区'),
(340405,3404,'b','八公山区'),
(340406,3404,'p','潘集区'),
(340421,3404,'f','凤台县'),
(340422,3404,'s','寿县'),
(3405,34,'m','马鞍山市'),
(340503,3405,'h','花山区'),
(340504,3405,'y','雨山区'),
(340506,3405,'b','博望区'),
(340521,3405,'d','当涂县'),
(340522,3405,'h','含山县'),
(340523,3405,'h','和县'),
(3406,34,'h','淮北市'),
(340602,3406,'d','杜集区'),
(340603,3406,'x','相山区'),
(340604,3406,'l','烈山区'),
(340621,3406,'s','濉溪县'),
(3407,34,'t','铜陵市'),
(340705,3407,'t','铜官区'),
(340706,3407,'y','义安区'),
(340711,3407,'j','郊区'),
(340722,3407,'z','枞阳县'),
(3408,34,'a','安庆市'),
(340802,3408,'y','迎江区'),
(340803,3408,'d','大观区'),
(340811,3408,'y','宜秀区'),
(340822,3408,'h','怀宁县'),
(340825,3408,'t','太湖县'),
(340826,3408,'s','宿松县'),
(340827,3408,'w','望江县'),
(340828,3408,'y','岳西县'),
(340881,3408,'t','桐城市'),
(340882,3408,'q','潜山市'),
(3410,34,'h','黄山市'),
(341002,3410,'t','屯溪区'),
(341003,3410,'h','黄山区'),
(341004,3410,'h','徽州区'),
(341021,3410,'s','歙县'),
(341022,3410,'x','休宁县'),
(341023,3410,'y','黟县'),
(341024,3410,'q','祁门县'),
(3411,34,'c','滁州市'),
(341102,3411,'l','琅琊区'),
(341103,3411,'n','南谯区'),
(341122,3411,'l','来安县'),
(341124,3411,'q','全椒县'),
(341125,3411,'d','定远县'),
(341126,3411,'f','凤阳县'),
(341181,3411,'t','天长市'),
(341182,3411,'m','明光市'),
(3412,34,'f','阜阳市'),
(341202,3412,'y','颍州区'),
(341203,3412,'y','颍东区'),
(341204,3412,'y','颍泉区'),
(341221,3412,'l','临泉县'),
(341222,3412,'t','太和县'),
(341225,3412,'f','阜南县'),
(341226,3412,'y','颍上县'),
(341282,3412,'j','界首市'),
(3413,34,'s','宿州市'),
(341302,3413,'y','埇桥区'),
(341321,3413,'d','砀山县'),
(341322,3413,'x','萧县'),
(341323,3413,'l','灵璧县'),
(341324,3413,'s','泗县'),
(3415,34,'l','六安市'),
(341502,3415,'j','金安区'),
(341503,3415,'y','裕安区'),
(341504,3415,'y','叶集区'),
(341522,3415,'h','霍邱县'),
(341523,3415,'s','舒城县'),
(341524,3415,'j','金寨县'),
(341525,3415,'h','霍山县'),
(3416,34,'b','亳州市'),
(341602,3416,'q','谯城区'),
(341621,3416,'g','涡阳县'),
(341622,3416,'m','蒙城县'),
(341623,3416,'l','利辛县'),
(3417,34,'c','池州市'),
(341702,3417,'g','贵池区'),
(341721,3417,'d','东至县'),
(341722,3417,'s','石台县'),
(341723,3417,'q','青阳县'),
(3418,34,'x','宣城市'),
(341802,3418,'x','宣州区'),
(341821,3418,'l','郎溪县'),
(341823,3418,'j','泾县'),
(341824,3418,'j','绩溪县'),
(341825,3418,'j','旌德县'),
(341881,3418,'n','宁国市'),
(341882,3418,'g','广德市'),
(35,0,'f','福建省'),
(3501,35,'f','福州市'),
(350102,3501,'g','鼓楼区'),
(350103,3501,'t','台江区'),
(350104,3501,'c','仓山区'),
(350105,3501,'m','马尾区'),
(350111,3501,'j','晋安区'),
(350112,3501,'c','长乐区'),
(350121,3501,'m','闽侯县'),
(350122,3501,'l','连江县'),
(350123,3501,'l','罗源县'),
(350124,3501,'m','闽清县'),
(350125,3501,'y','永泰县'),
(350128,3501,'p','平潭县'),
(350181,3501,'f','福清市'),
(3502,35,'x','厦门市'),
(350203,3502,'s','思明区'),
(350205,3502,'h','海沧区'),
(350206,3502,'h','湖里区'),
(350211,3502,'j','集美区'),
(350212,3502,'t','同安区'),
(350213,3502,'x','翔安区'),
(3503,35,'p','莆田市'),
(350302,3503,'c','城厢区'),
(350303,3503,'h','涵江区'),
(350304,3503,'l','荔城区'),
(350305,3503,'x','秀屿区'),
(350322,3503,'x','仙游县'),
(3504,35,'s','三明市'),
(350404,3504,'s','三元区'),
(350405,3504,'s','沙县区'),
(350421,3504,'m','明溪县'),
(350423,3504,'q','清流县'),
(350424,3504,'n','宁化县'),
(350425,3504,'d','大田县'),
(350426,3504,'y','尤溪县'),
(350428,3504,'j','将乐县'),
(350429,3504,'t','泰宁县'),
(350430,3504,'j','建宁县'),
(350481,3504,'y','永安市'),
(3505,35,'q','泉州市'),
(350502,3505,'l','鲤城区'),
(350503,3505,'f','丰泽区'),
(350504,3505,'l','洛江区'),
(350505,3505,'q','泉港区'),
(350521,3505,'h','惠安县'),
(350524,3505,'a','安溪县'),
(350525,3505,'y','永春县'),
(350526,3505,'d','德化县'),
(350527,3505,'j','金门县'),
(350581,3505,'s','石狮市'),
(350582,3505,'j','晋江市'),
(350583,3505,'n','南安市'),
(3506,35,'z','漳州市'),
(350602,3506,'x','芗城区'),
(350603,3506,'l','龙文区'),
(350604,3506,'l','龙海区'),
(350605,3506,'c','长泰区'),
(350622,3506,'y','云霄县'),
(350623,3506,'z','漳浦县'),
(350624,3506,'z','诏安县'),
(350626,3506,'d','东山县'),
(350627,3506,'n','南靖县'),
(350628,3506,'p','平和县'),
(350629,3506,'h','华安县'),
(3507,35,'n','南平市'),
(350702,3507,'y','延平区'),
(350703,3507,'j','建阳区'),
(350721,3507,'s','顺昌县'),
(350722,3507,'p','浦城县'),
(350723,3507,'g','光泽县'),
(350724,3507,'s','松溪县'),
(350725,3507,'z','政和县'),
(350781,3507,'s','邵武市'),
(350782,3507,'w','武夷山市'),
(350783,3507,'j','建瓯市'),
(3508,35,'l','龙岩市'),
(350802,3508,'x','新罗区'),
(350803,3508,'y','永定区'),
(350821,3508,'c','长汀县'),
(350823,3508,'s','上杭县'),
(350824,3508,'w','武平县'),
(350825,3508,'l','连城县'),
(350881,3508,'z','漳平市'),
(3509,35,'n','宁德市'),
(350902,3509,'j','蕉城区'),
(350921,3509,'x','霞浦县'),
(350922,3509,'g','古田县'),
(350923,3509,'p','屏南县'),
(350924,3509,'s','寿宁县'),
(350925,3509,'z','周宁县'),
(350926,3509,'z','柘荣县'),
(350981,3509,'f','福安市'),
(350982,3509,'f','福鼎市'),
(36,0,'j','江西省'),
(3601,36,'n','南昌市'),
(360102,3601,'d','东湖区'),
(360103,3601,'x','西湖区'),
(360104,3601,'q','青云谱区'),
(360111,3601,'q','青山湖区'),
(360112,3601,'x','新建区'),
(360113,3601,'h','红谷滩区'),
(360121,3601,'n','南昌县'),
(360123,3601,'a','安义县'),
(360124,3601,'j','进贤县'),
(3602,36,'j','景德镇市'),
(360202,3602,'c','昌江区'),
(360203,3602,'z','珠山区'),
(360222,3602,'f','浮梁县'),
(360281,3602,'l','乐平市'),
(3603,36,'p','萍乡市'),
(360302,3603,'a','安源区'),
(360313,3603,'x','湘东区'),
(360321,3603,'l','莲花县'),
(360322,3603,'s','上栗县'),
(360323,3603,'l','芦溪县'),
(3604,36,'j','九江市'),
(360402,3604,'l','濂溪区'),
(360403,3604,'x','浔阳区'),
(360404,3604,'c','柴桑区'),
(360423,3604,'w','武宁县'),
(360424,3604,'x','修水县'),
(360425,3604,'y','永修县'),
(360426,3604,'d','德安县'),
(360428,3604,'d','都昌县'),
(360429,3604,'h','湖口县'),
(360430,3604,'p','彭泽县'),
(360481,3604,'r','瑞昌市'),
(360482,3604,'g','共青城市'),
(360483,3604,'l','庐山市'),
(3605,36,'x','新余市'),
(360502,3605,'y','渝水区'),
(360521,3605,'f','分宜县'),
(3606,36,'y','鹰潭市'),
(360602,3606,'y','月湖区'),
(360603,3606,'y','余江区'),
(360681,3606,'g','贵溪市'),
(3607,36,'g','赣州市'),
(360702,3607,'z','章贡区'),
(360703,3607,'n','南康区'),
(360704,3607,'g','赣县区'),
(360722,3607,'x','信丰县'),
(360723,3607,'d','大余县'),
(360724,3607,'s','上犹县'),
(360725,3607,'c','崇义县'),
(360726,3607,'a','安远县'),
(360728,3607,'d','定南县'),
(360729,3607,'q','全南县'),
(360730,3607,'n','宁都县'),
(360731,3607,'y','于都县'),
(360732,3607,'x','兴国县'),
(360733,3607,'h','会昌县'),
(360734,3607,'x','寻乌县'),
(360735,3607,'s','石城县'),
(360781,3607,'r','瑞金市'),
(360783,3607,'l','龙南市'),
(3608,36,'j','吉安市'),
(360802,3608,'j','吉州区'),
(360803,3608,'q','青原区'),
(360821,3608,'j','吉安县'),
(360822,3608,'j','吉水县'),
(360823,3608,'x','峡江县'),
(360824,3608,'x','新干县'),
(360825,3608,'y','永丰县'),
(360826,3608,'t','泰和县'),
(360827,3608,'s','遂川县'),
(360828,3608,'w','万安县'),
(360829,3608,'a','安福县'),
(360830,3608,'y','永新县'),
(360881,3608,'j','井冈山市'),
(3609,36,'y','宜春市'),
(360902,3609,'y','袁州区'),
(360921,3609,'f','奉新县'),
(360922,3609,'w','万载县'),
(360923,3609,'s','上高县'),
(360924,3609,'y','宜丰县'),
(360925,3609,'j','靖安县'),
(360926,3609,'t','铜鼓县'),
(360981,3609,'f','丰城市'),
(360982,3609,'z','樟树市'),
(360983,3609,'g','高安市'),
(3610,36,'f','抚州市'),
(361002,3610,'l','临川区'),
(361003,3610,'d','东乡区'),
(361021,3610,'n','南城县'),
(361022,3610,'l','黎川县'),
(361023,3610,'n','南丰县'),
(361024,3610,'c','崇仁县'),
(361025,3610,'l','乐安县'),
(361026,3610,'y','宜黄县'),
(361027,3610,'j','金溪县'),
(361028,3610,'z','资溪县'),
(361030,3610,'g','广昌县'),
(3611,36,'s','上饶市'),
(361102,3611,'x','信州区'),
(361103,3611,'g','广丰区'),
(361104,3611,'g','广信区'),
(361123,3611,'y','玉山县'),
(361124,3611,'y','铅山县'),
(361125,3611,'h','横峰县'),
(361126,3611,'y','弋阳县'),
(361127,3611,'y','余干县'),
(361128,3611,'p','鄱阳县'),
(361129,3611,'w','万年县'),
(361130,3611,'w','婺源县'),
(361181,3611,'d','德兴市'),
(37,0,'s','山东省'),
(3701,37,'j','济南市'),
(370102,3701,'l','历下区'),
(370103,3701,'s','市中区'),
(370104,3701,'h','槐荫区'),
(370105,3701,'t','天桥区'),
(370112,3701,'l','历城区'),
(370113,3701,'c','长清区'),
(370114,3701,'z','章丘区'),
(370115,3701,'j','济阳区'),
(370116,3701,'l','莱芜区'),
(370117,3701,'g','钢城区'),
(370124,3701,'p','平阴县'),
(370126,3701,'s','商河县'),
(3702,37,'q','青岛市'),
(370202,3702,'s','市南区'),
(370203,3702,'s','市北区'),
(370211,3702,'h','黄岛区'),
(370212,3702,'l','崂山区'),
(370213,3702,'l','李沧区'),
(370214,3702,'c','城阳区'),
(370215,3702,'j','即墨区'),
(370281,3702,'j','胶州市'),
(370283,3702,'p','平度市'),
(370285,3702,'l','莱西市'),
(3703,37,'z','淄博市'),
(370302,3703,'z','淄川区'),
(370303,3703,'z','张店区'),
(370304,3703,'b','博山区'),
(370305,3703,'l','临淄区'),
(370306,3703,'z','周村区'),
(370321,3703,'h','桓台县'),
(370322,3703,'g','高青县'),
(370323,3703,'y','沂源县'),
(3704,37,'z','枣庄市'),
(370402,3704,'s','市中区'),
(370403,3704,'x','薛城区'),
(370404,3704,'y','峄城区'),
(370405,3704,'t','台儿庄区'),
(370406,3704,'s','山亭区'),
(370481,3704,'t','滕州市'),
(3705,37,'d','东营市'),
(370502,3705,'d','东营区'),
(370503,3705,'h','河口区'),
(370505,3705,'k','垦利区'),
(370522,3705,'l','利津县'),
(370523,3705,'g','广饶县'),
(3706,37,'y','烟台市'),
(370602,3706,'z','芝罘区'),
(370611,3706,'f','福山区'),
(370612,3706,'m','牟平区'),
(370613,3706,'l','莱山区'),
(370614,3706,'p','蓬莱区'),
(370681,3706,'l','龙口市'),
(370682,3706,'l','莱阳市'),
(370683,3706,'l','莱州市'),
(370685,3706,'z','招远市'),
(370686,3706,'q','栖霞市'),
(370687,3706,'h','海阳市'),
(3707,37,'w','潍坊市'),
(370702,3707,'w','潍城区'),
(370703,3707,'h','寒亭区'),
(370704,3707,'f','坊子区'),
(370705,3707,'k','奎文区'),
(370724,3707,'l','临朐县'),
(370725,3707,'c','昌乐县'),
(370781,3707,'q','青州市'),
(370782,3707,'z','诸城市'),
(370783,3707,'s','寿光市'),
(370784,3707,'a','安丘市'),
(370785,3707,'g','高密市'),
(370786,3707,'c','昌邑市'),
(3708,37,'j','济宁市'),
(370811,3708,'r','任城区'),
(370812,3708,'y','兖州区'),
(370826,3708,'w','微山县'),
(370827,3708,'y','鱼台县'),
(370828,3708,'j','金乡县'),
(370829,3708,'j','嘉祥县'),
(370830,3708,'w','汶上县'),
(370831,3708,'s','泗水县'),
(370832,3708,'l','梁山县'),
(370881,3708,'q','曲阜市'),
(370883,3708,'z','邹城市'),
(3709,37,'t','泰安市'),
(370902,3709,'t','泰山区'),
(370911,3709,'d','岱岳区'),
(370921,3709,'n','宁阳县'),
(370923,3709,'d','东平县'),
(370982,3709,'x','新泰市'),
(370983,3709,'f','肥城市'),
(3710,37,'w','威海市'),
(371002,3710,'h','环翠区'),
(371003,3710,'w','文登区'),
(371082,3710,'r','荣成市'),
(371083,3710,'r','乳山市'),
(3711,37,'r','日照市'),
(371102,3711,'d','东港区'),
(371103,3711,'l','岚山区'),
(371121,3711,'w','五莲县'),
(371122,3711,'j','莒县'),
(3713,37,'l','临沂市'),
(371302,3713,'l','兰山区'),
(371311,3713,'l','罗庄区'),
(371312,3713,'h','河东区'),
(371321,3713,'y','沂南县'),
(371322,3713,'t','郯城县'),
(371323,3713,'y','沂水县'),
(371324,3713,'l','兰陵县'),
(371325,3713,'f','费县'),
(371326,3713,'p','平邑县'),
(371327,3713,'j','莒南县'),
(371328,3713,'m','蒙阴县'),
(371329,3713,'l','临沭县'),
(3714,37,'d','德州市'),
(371402,3714,'d','德城区'),
(371403,3714,'l','陵城区'),
(371422,3714,'n','宁津县'),
(371423,3714,'q','庆云县'),
(371424,3714,'l','临邑县'),
(371425,3714,'q','齐河县'),
(371426,3714,'p','平原县'),
(371427,3714,'x','夏津县'),
(371428,3714,'w','武城县'),
(371481,3714,'l','乐陵市'),
(371482,3714,'y','禹城市'),
(3715,37,'l','聊城市'),
(371502,3715,'d','东昌府区'),
(371503,3715,'c','茌平区'),
(371521,3715,'y','阳谷县'),
(371522,3715,'s','莘县'),
(371524,3715,'d','东阿县'),
(371525,3715,'g','冠县'),
(371526,3715,'g','高唐县'),
(371581,3715,'l','临清市'),
(3716,37,'b','滨州市'),
(371602,3716,'b','滨城区'),
(371603,3716,'z','沾化区'),
(371621,3716,'h','惠民县'),
(371622,3716,'y','阳信县'),
(371623,3716,'w','无棣县'),
(371625,3716,'b','博兴县'),
(371681,3716,'z','邹平市'),
(3717,37,'h','菏泽市'),
(371702,3717,'m','牡丹区'),
(371703,3717,'d','定陶区'),
(371721,3717,'c','曹县'),
(371722,3717,'s','单县'),
(371723,3717,'c','成武县'),
(371724,3717,'j','巨野县'),
(371725,3717,'y','郓城县'),
(371726,3717,'j','鄄城县'),
(371728,3717,'d','东明县'),
(41,0,'h','河南省'),
(4101,41,'z','郑州市'),
(410102,4101,'z','中原区'),
(410103,4101,'e','二七区'),
(410104,4101,'g','管城回族区'),
(410105,4101,'j','金水区'),
(410106,4101,'s','上街区'),
(410108,4101,'h','惠济区'),
(410122,4101,'z','中牟县'),
(410181,4101,'g','巩义市'),
(410182,4101,'x','荥阳市'),
(410183,4101,'x','新密市'),
(410184,4101,'x','新郑市'),
(410185,4101,'d','登封市'),
(4102,41,'k','开封市'),
(410202,4102,'l','龙亭区'),
(410203,4102,'s','顺河回族区'),
(410204,4102,'g','鼓楼区'),
(410205,4102,'y','禹王台区'),
(410212,4102,'x','祥符区'),
(410221,4102,'q','杞县'),
(410222,4102,'t','通许县'),
(410223,4102,'w','尉氏县'),
(410225,4102,'l','兰考县'),
(4103,41,'l','洛阳市'),
(410302,4103,'l','老城区'),
(410303,4103,'x','西工区'),
(410304,4103,'c','瀍河回族区'),
(410305,4103,'j','涧西区'),
(410307,4103,'y','偃师区'),
(410308,4103,'m','孟津区'),
(410311,4103,'l','洛龙区'),
(410323,4103,'x','新安县'),
(410324,4103,'l','栾川县'),
(410325,4103,'s','嵩县'),
(410326,4103,'r','汝阳县'),
(410327,4103,'y','宜阳县'),
(410328,4103,'l','洛宁县'),
(410329,4103,'y','伊川县'),
(4104,41,'p','平顶山市'),
(410402,4104,'x','新华区'),
(410403,4104,'w','卫东区'),
(410404,4104,'s','石龙区'),
(410411,4104,'z','湛河区'),
(410421,4104,'b','宝丰县'),
(410422,4104,'y','叶县'),
(410423,4104,'l','鲁山县'),
(410425,4104,'j','郏县'),
(410481,4104,'w','舞钢市'),
(410482,4104,'r','汝州市'),
(4105,41,'a','安阳市'),
(410502,4105,'w','文峰区'),
(410503,4105,'b','北关区'),
(410505,4105,'y','殷都区'),
(410506,4105,'l','龙安区'),
(410522,4105,'a','安阳县'),
(410523,4105,'t','汤阴县'),
(410526,4105,'h','滑县'),
(410527,4105,'n','内黄县'),
(410581,4105,'l','林州市'),
(4106,41,'h','鹤壁市'),
(410602,4106,'h','鹤山区'),
(410603,4106,'s','山城区'),
(410611,4106,'q','淇滨区'),
(410621,4106,'x','浚县'),
(410622,4106,'q','淇县'),
(4107,41,'x','新乡市'),
(410702,4107,'h','红旗区'),
(410703,4107,'w','卫滨区'),
(410704,4107,'f','凤泉区'),
(410711,4107,'m','牧野区'),
(410721,4107,'x','新乡县'),
(410724,4107,'h','获嘉县'),
(410725,4107,'y','原阳县'),
(410726,4107,'y','延津县'),
(410727,4107,'f','封丘县'),
(410781,4107,'w','卫辉市'),
(410782,4107,'h','辉县市'),
(410783,4107,'c','长垣市'),
(4108,41,'j','焦作市'),
(410802,4108,'j','解放区'),
(410803,4108,'z','中站区'),
(410804,4108,'m','马村区'),
(410811,4108,'s','山阳区'),
(410821,4108,'x','修武县'),
(410822,4108,'b','博爱县'),
(410823,4108,'w','武陟县'),
(410825,4108,'w','温县'),
(410882,4108,'q','沁阳市'),
(410883,4108,'m','孟州市'),
(4109,41,'p','濮阳市'),
(410902,4109,'h','华龙区'),
(410922,4109,'q','清丰县'),
(410923,4109,'n','南乐县'),
(410926,4109,'f','范县'),
(410927,4109,'t','台前县'),
(410928,4109,'p','濮阳县'),
(4110,41,'x','许昌市'),
(411002,4110,'w','魏都区'),
(411003,4110,'j','建安区'),
(411024,4110,'y','鄢陵县'),
(411025,4110,'x','襄城县'),
(411081,4110,'y','禹州市'),
(411082,4110,'c','长葛市'),
(4111,41,'l','漯河市'),
(411102,4111,'y','源汇区'),
(411103,4111,'y','郾城区'),
(411104,4111,'s','召陵区'),
(411121,4111,'w','舞阳县'),
(411122,4111,'l','临颍县'),
(4112,41,'s','三门峡市'),
(411202,4112,'h','湖滨区'),
(411203,4112,'s','陕州区'),
(411221,4112,'m','渑池县'),
(411224,4112,'l','卢氏县'),
(411281,4112,'y','义马市'),
(411282,4112,'l','灵宝市'),
(4113,41,'n','南阳市'),
(411302,4113,'w','宛城区'),
(411303,4113,'w','卧龙区'),
(411321,4113,'n','南召县'),
(411322,4113,'f','方城县'),
(411323,4113,'x','西峡县'),
(411324,4113,'z','镇平县'),
(411325,4113,'n','内乡县'),
(411326,4113,'x','淅川县'),
(411327,4113,'s','社旗县'),
(411328,4113,'t','唐河县'),
(411329,4113,'x','新野县'),
(411330,4113,'t','桐柏县'),
(411381,4113,'d','邓州市'),
(4114,41,'s','商丘市'),
(411402,4114,'l','梁园区'),
(411403,4114,'s','睢阳区'),
(411421,4114,'m','民权县'),
(411422,4114,'s','睢县'),
(411423,4114,'n','宁陵县'),
(411424,4114,'z','柘城县'),
(411425,4114,'y','虞城县'),
(411426,4114,'x','夏邑县'),
(411481,4114,'y','永城市'),
(4115,41,'x','信阳市'),
(411502,4115,'s','浉河区'),
(411503,4115,'p','平桥区'),
(411521,4115,'l','罗山县'),
(411522,4115,'g','光山县'),
(411523,4115,'x','新县'),
(411524,4115,'s','商城县'),
(411525,4115,'g','固始县'),
(411526,4115,'h','潢川县'),
(411527,4115,'h','淮滨县'),
(411528,4115,'x','息县'),
(4116,41,'z','周口市'),
(411602,4116,'c','川汇区'),
(411603,4116,'h','淮阳区'),
(411621,4116,'f','扶沟县'),
(411622,4116,'x','西华县'),
(411623,4116,'s','商水县'),
(411624,4116,'s','沈丘县'),
(411625,4116,'d','郸城县'),
(411627,4116,'t','太康县'),
(411628,4116,'l','鹿邑县'),
(411681,4116,'x','项城市'),
(4117,41,'z','驻马店市'),
(411702,4117,'y','驿城区'),
(411721,4117,'x','西平县'),
(411722,4117,'s','上蔡县'),
(411723,4117,'p','平舆县'),
(411724,4117,'z','正阳县'),
(411725,4117,'q','确山县'),
(411726,4117,'b','泌阳县'),
(411727,4117,'r','汝南县'),
(411728,4117,'s','遂平县'),
(411729,4117,'x','新蔡县'),
(419001,41,'j','济源市'),
(419001000,419001,'j','济源市'),
(42,0,'h','湖北省'),
(4201,42,'w','武汉市'),
(420102,4201,'j','江岸区'),
(420103,4201,'j','江汉区'),
(420104,4201,'q','硚口区'),
(420105,4201,'h','汉阳区'),
(420106,4201,'w','武昌区'),
(420107,4201,'q','青山区'),
(420111,4201,'h','洪山区'),
(420112,4201,'d','东西湖区'),
(420113,4201,'h','汉南区'),
(420114,4201,'c','蔡甸区'),
(420115,4201,'j','江夏区'),
(420116,4201,'h','黄陂区'),
(420117,4201,'x','新洲区'),
(4202,42,'h','黄石市'),
(420202,4202,'h','黄石港区'),
(420203,4202,'x','西塞山区'),
(420204,4202,'x','下陆区'),
(420205,4202,'t','铁山区'),
(420222,4202,'y','阳新县'),
(420281,4202,'d','大冶市'),
(4203,42,'s','十堰市'),
(420302,4203,'m','茅箭区'),
(420303,4203,'z','张湾区'),
(420304,4203,'y','郧阳区'),
(420322,4203,'y','郧西县'),
(420323,4203,'z','竹山县'),
(420324,4203,'z','竹溪县'),
(420325,4203,'f','房县'),
(420381,4203,'d','丹江口市'),
(4205,42,'y','宜昌市'),
(420502,4205,'x','西陵区'),
(420503,4205,'w','伍家岗区'),
(420504,4205,'d','点军区'),
(420505,4205,'x','猇亭区'),
(420506,4205,'y','夷陵区'),
(420525,4205,'y','远安县'),
(420526,4205,'x','兴山县'),
(420527,4205,'z','秭归县'),
(420528,4205,'c','长阳土家族自治县'),
(420529,4205,'w','五峰土家族自治县'),
(420581,4205,'y','宜都市'),
(420582,4205,'d','当阳市'),
(420583,4205,'z','枝江市'),
(4206,42,'x','襄阳市'),
(420602,4206,'x','襄城区'),
(420606,4206,'f','樊城区'),
(420607,4206,'x','襄州区'),
(420624,4206,'n','南漳县'),
(420625,4206,'g','谷城县'),
(420626,4206,'b','保康县'),
(420682,4206,'l','老河口市'),
(420683,4206,'z','枣阳市'),
(420684,4206,'y','宜城市'),
(4207,42,'e','鄂州市'),
(420702,4207,'l','梁子湖区'),
(420703,4207,'h','华容区'),
(420704,4207,'e','鄂城区'),
(4208,42,'j','荆门市'),
(420802,4208,'d','东宝区'),
(420804,4208,'d','掇刀区'),
(420822,4208,'s','沙洋县'),
(420881,4208,'z','钟祥市'),
(420882,4208,'j','京山市'),
(4209,42,'x','孝感市'),
(420902,4209,'x','孝南区'),
(420921,4209,'x','孝昌县'),
(420922,4209,'d','大悟县'),
(420923,4209,'y','云梦县'),
(420981,4209,'y','应城市'),
(420982,4209,'a','安陆市'),
(420984,4209,'h','汉川市'),
(4210,42,'j','荆州市'),
(421002,4210,'s','沙市区'),
(421003,4210,'j','荆州区'),
(421022,4210,'g','公安县'),
(421024,4210,'j','江陵县'),
(421081,4210,'s','石首市'),
(421083,4210,'h','洪湖市'),
(421087,4210,'s','松滋市'),
(421088,4210,'j','监利市'),
(4211,42,'h','黄冈市'),
(421102,4211,'h','黄州区'),
(421121,4211,'t','团风县'),
(421122,4211,'h','红安县'),
(421123,4211,'l','罗田县'),
(421124,4211,'y','英山县'),
(421125,4211,'x','浠水县'),
(421126,4211,'q','蕲春县'),
(421127,4211,'h','黄梅县'),
(421181,4211,'m','麻城市'),
(421182,4211,'w','武穴市'),
(4212,42,'x','咸宁市'),
(421202,4212,'x','咸安区'),
(421221,4212,'j','嘉鱼县'),
(421222,4212,'t','通城县'),
(421223,4212,'c','崇阳县'),
(421224,4212,'t','通山县'),
(421281,4212,'c','赤壁市'),
(4213,42,'s','随州市'),
(421303,4213,'z','曾都区'),
(421321,4213,'s','随县'),
(421381,4213,'g','广水市'),
(4228,42,'e','恩施土家族苗族自治州'),
(422801,4228,'e','恩施市'),
(422802,4228,'l','利川市'),
(422822,4228,'j','建始县'),
(422823,4228,'b','巴东县'),
(422825,4228,'x','宣恩县'),
(422826,4228,'x','咸丰县'),
(422827,4228,'l','来凤县'),
(422828,4228,'h','鹤峰县'),
(429004,42,'x','仙桃市'),
(429004000,429004,'x','仙桃市'),
(429005,42,'q','潜江市'),
(429005000,429005,'q','潜江市'),
(429006,42,'t','天门市'),
(429006000,429006,'t','天门市'),
(429021,42,'s','神农架林区'),
(429021000,429021,'s','神农架林区'),
(43,0,'h','湖南省'),
(4301,43,'c','长沙市'),
(430102,4301,'f','芙蓉区'),
(430103,4301,'t','天心区'),
(430104,4301,'y','岳麓区'),
(430105,4301,'k','开福区'),
(430111,4301,'y','雨花区'),
(430112,4301,'w','望城区'),
(430121,4301,'c','长沙县'),
(430181,4301,'l','浏阳市'),
(430182,4301,'n','宁乡市'),
(4302,43,'z','株洲市'),
(430202,4302,'h','荷塘区'),
(430203,4302,'l','芦淞区'),
(430204,4302,'s','石峰区'),
(430211,4302,'t','天元区'),
(430212,4302,'l','渌口区'),
(430223,4302,'y','攸县'),
(430224,4302,'c','茶陵县'),
(430225,4302,'y','炎陵县'),
(430281,4302,'l','醴陵市'),
(4303,43,'x','湘潭市'),
(430302,4303,'y','雨湖区'),
(430304,4303,'y','岳塘区'),
(430321,4303,'x','湘潭县'),
(430381,4303,'x','湘乡市'),
(430382,4303,'s','韶山市'),
(4304,43,'h','衡阳市'),
(430405,4304,'z','珠晖区'),
(430406,4304,'y','雁峰区'),
(430407,4304,'s','石鼓区'),
(430408,4304,'z','蒸湘区'),
(430412,4304,'n','南岳区'),
(430421,4304,'h','衡阳县'),
(430422,4304,'h','衡南县'),
(430423,4304,'h','衡山县'),
(430424,4304,'h','衡东县'),
(430426,4304,'q','祁东县'),
(430481,4304,'l','耒阳市'),
(430482,4304,'c','常宁市'),
(4305,43,'s','邵阳市'),
(430502,4305,'s','双清区'),
(430503,4305,'d','大祥区'),
(430511,4305,'b','北塔区'),
(430522,4305,'x','新邵县'),
(430523,4305,'s','邵阳县'),
(430524,4305,'l','隆回县'),
(430525,4305,'d','洞口县'),
(430527,4305,'s','绥宁县'),
(430528,4305,'x','新宁县'),
(430529,4305,'c','城步苗族自治县'),
(430581,4305,'w','武冈市'),
(430582,4305,'s','邵东市'),
(4306,43,'y','岳阳市'),
(430602,4306,'y','岳阳楼区'),
(430603,4306,'y','云溪区'),
(430611,4306,'j','君山区'),
(430621,4306,'y','岳阳县'),
(430623,4306,'h','华容县'),
(430624,4306,'x','湘阴县'),
(430626,4306,'p','平江县'),
(430681,4306,'m','汨罗市'),
(430682,4306,'l','临湘市'),
(4307,43,'c','常德市'),
(430702,4307,'w','武陵区'),
(430703,4307,'d','鼎城区'),
(430721,4307,'a','安乡县'),
(430722,4307,'h','汉寿县'),
(430723,4307,'l','澧县'),
(430724,4307,'l','临澧县'),
(430725,4307,'t','桃源县'),
(430726,4307,'s','石门县'),
(430781,4307,'j','津市市'),
(4308,43,'z','张家界市'),
(430802,4308,'y','永定区'),
(430811,4308,'w','武陵源区'),
(430821,4308,'c','慈利县'),
(430822,4308,'s','桑植县'),
(4309,43,'y','益阳市'),
(430902,4309,'z','资阳区'),
(430903,4309,'h','赫山区'),
(430921,4309,'n','南县'),
(430922,4309,'t','桃江县'),
(430923,4309,'a','安化县'),
(430981,4309,'y','沅江市'),
(4310,43,'c','郴州市'),
(431002,4310,'b','北湖区'),
(431003,4310,'s','苏仙区'),
(431021,4310,'g','桂阳县'),
(431022,4310,'y','宜章县'),
(431023,4310,'y','永兴县'),
(431024,4310,'j','嘉禾县'),
(431025,4310,'l','临武县'),
(431026,4310,'r','汝城县'),
(431027,4310,'g','桂东县'),
(431028,4310,'a','安仁县'),
(431081,4310,'z','资兴市'),
(4311,43,'y','永州市'),
(431102,4311,'l','零陵区'),
(431103,4311,'l','冷水滩区'),
(431122,4311,'d','东安县'),
(431123,4311,'s','双牌县'),
(431124,4311,'d','道县'),
(431125,4311,'j','江永县'),
(431126,4311,'n','宁远县'),
(431127,4311,'l','蓝山县'),
(431128,4311,'x','新田县'),
(431129,4311,'j','江华瑶族自治县'),
(431181,4311,'q','祁阳市'),
(4312,43,'h','怀化市'),
(431202,4312,'h','鹤城区'),
(431221,4312,'z','中方县'),
(431222,4312,'y','沅陵县'),
(431223,4312,'c','辰溪县'),
(431224,4312,'x','溆浦县'),
(431225,4312,'h','会同县'),
(431226,4312,'m','麻阳苗族自治县'),
(431227,4312,'x','新晃侗族自治县'),
(431228,4312,'z','芷江侗族自治县'),
(431229,4312,'j','靖州苗族侗族自治县'),
(431230,4312,'t','通道侗族自治县'),
(431281,4312,'h','洪江市'),
(4313,43,'l','娄底市'),
(431302,4313,'l','娄星区'),
(431321,4313,'s','双峰县'),
(431322,4313,'x','新化县'),
(431381,4313,'l','冷水江市'),
(431382,4313,'l','涟源市'),
(4331,43,'x','湘西土家族苗族自治州'),
(433101,4331,'j','吉首市'),
(433122,4331,'l','泸溪县'),
(433123,4331,'f','凤凰县'),
(433124,4331,'h','花垣县'),
(433125,4331,'b','保靖县'),
(433126,4331,'g','古丈县'),
(433127,4331,'y','永顺县'),
(433130,4331,'l','龙山县'),
(44,0,'g','广东省'),
(4401,44,'g','广州市'),
(440103,4401,'l','荔湾区'),
(440104,4401,'y','越秀区'),
(440105,4401,'h','海珠区'),
(440106,4401,'t','天河区'),
(440111,4401,'b','白云区'),
(440112,4401,'h','黄埔区'),
(440113,4401,'p','番禺区'),
(440114,4401,'h','花都区'),
(440115,4401,'n','南沙区'),
(440117,4401,'c','从化区'),
(440118,4401,'z','增城区'),
(4402,44,'s','韶关市'),
(440203,4402,'w','武江区'),
(440204,4402,'z','浈江区'),
(440205,4402,'q','曲江区'),
(440222,4402,'s','始兴县'),
(440224,4402,'r','仁化县'),
(440229,4402,'w','翁源县'),
(440232,4402,'r','乳源瑶族自治县'),
(440233,4402,'x','新丰县'),
(440281,4402,'l','乐昌市'),
(440282,4402,'n','南雄市'),
(4403,44,'s','深圳市'),
(440303,4403,'l','罗湖区'),
(440304,4403,'f','福田区'),
(440305,4403,'n','南山区'),
(440306,4403,'b','宝安区'),
(440307,4403,'l','龙岗区'),
(440308,4403,'y','盐田区'),
(440309,4403,'l','龙华区'),
(440310,4403,'p','坪山区'),
(440311,4403,'g','光明区'),
(4404,44,'z','珠海市'),
(440402,4404,'x','香洲区'),
(440403,4404,'d','斗门区'),
(440404,4404,'j','金湾区'),
(4405,44,'s','汕头市'),
(440507,4405,'l','龙湖区'),
(440511,4405,'j','金平区'),
(440512,4405,'h','濠江区'),
(440513,4405,'c','潮阳区'),
(440514,4405,'c','潮南区'),
(440515,4405,'c','澄海区'),
(440523,4405,'n','南澳县'),
(4406,44,'f','佛山市'),
(440604,4406,'c','禅城区'),
(440605,4406,'n','南海区'),
(440606,4406,'s','顺德区'),
(440607,4406,'s','三水区'),
(440608,4406,'g','高明区'),
(4407,44,'j','江门市'),
(440703,4407,'p','蓬江区'),
(440704,4407,'j','江海区'),
(440705,4407,'x','新会区'),
(440781,4407,'t','台山市'),
(440783,4407,'k','开平市'),
(440784,4407,'h','鹤山市'),
(440785,4407,'e','恩平市'),
(4408,44,'z','湛江市'),
(440802,4408,'c','赤坎区'),
(440803,4408,'x','霞山区'),
(440804,4408,'p','坡头区'),
(440811,4408,'m','麻章区'),
(440823,4408,'s','遂溪县'),
(440825,4408,'x','徐闻县'),
(440881,4408,'l','廉江市'),
(440882,4408,'l','雷州市'),
(440883,4408,'w','吴川市'),
(4409,44,'m','茂名市'),
(440902,4409,'m','茂南区'),
(440904,4409,'d','电白区'),
(440981,4409,'g','高州市'),
(440982,4409,'h','化州市'),
(440983,4409,'x','信宜市'),
(4412,44,'z','肇庆市'),
(441202,4412,'d','端州区'),
(441203,4412,'d','鼎湖区'),
(441204,4412,'g','高要区'),
(441223,4412,'g','广宁县'),
(441224,4412,'h','怀集县'),
(441225,4412,'f','封开县'),
(441226,4412,'d','德庆县'),
(441284,4412,'s','四会市'),
(4413,44,'h','惠州市'),
(441302,4413,'h','惠城区'),
(441303,4413,'h','惠阳区'),
(441322,4413,'b','博罗县'),
(441323,4413,'h','惠东县'),
(441324,4413,'l','龙门县'),
(4414,44,'m','梅州市'),
(441402,4414,'m','梅江区'),
(441403,4414,'m','梅县区'),
(441422,4414,'d','大埔县'),
(441423,4414,'f','丰顺县'),
(441424,4414,'w','五华县'),
(441426,4414,'p','平远县'),
(441427,4414,'j','蕉岭县'),
(441481,4414,'x','兴宁市'),
(4415,44,'s','汕尾市'),
(441502,4415,'c','城区'),
(441521,4415,'h','海丰县'),
(441523,4415,'l','陆河县'),
(441581,4415,'l','陆丰市'),
(4416,44,'h','河源市'),
(441602,4416,'y','源城区'),
(441621,4416,'z','紫金县'),
(441622,4416,'l','龙川县'),
(441623,4416,'l','连平县'),
(441624,4416,'h','和平县'),
(441625,4416,'d','东源县'),
(4417,44,'y','阳江市'),
(441702,4417,'j','江城区'),
(441704,4417,'y','阳东区'),
(441721,4417,'y','阳西县'),
(441781,4417,'y','阳春市'),
(4418,44,'q','清远市'),
(441802,4418,'q','清城区'),
(441803,4418,'q','清新区'),
(441821,4418,'f','佛冈县'),
(441823,4418,'y','阳山县'),
(441825,4418,'l','连山壮族瑶族自治县'),
(441826,4418,'l','连南瑶族自治县'),
(441881,4418,'y','英德市'),
(441882,4418,'l','连州市'),
(4419,44,'d','东莞市'),
(441900,4419,'d','东莞市'),
(4420,44,'z','中山市'),
(442000,4420,'z','中山市'),
(4451,44,'c','潮州市'),
(445102,4451,'x','湘桥区'),
(445103,4451,'c','潮安区'),
(445122,4451,'r','饶平县'),
(4452,44,'j','揭阳市'),
(445202,4452,'r','榕城区'),
(445203,4452,'j','揭东区'),
(445222,4452,'j','揭西县'),
(445224,4452,'h','惠来县'),
(445281,4452,'p','普宁市'),
(4453,44,'y','云浮市'),
(445302,4453,'y','云城区'),
(445303,4453,'y','云安区'),
(445321,4453,'x','新兴县'),
(445322,4453,'y','郁南县'),
(445381,4453,'l','罗定市'),
(45,0,'g','广西壮族自治区'),
(4501,45,'n','南宁市'),
(450102,4501,'x','兴宁区'),
(450103,4501,'q','青秀区'),
(450105,4501,'j','江南区'),
(450107,4501,'x','西乡塘区'),
(450108,4501,'l','良庆区'),
(450109,4501,'y','邕宁区'),
(450110,4501,'w','武鸣区'),
(450123,4501,'l','隆安县'),
(450124,4501,'m','马山县'),
(450125,4501,'s','上林县'),
(450126,4501,'b','宾阳县'),
(450181,4501,'h','横州市'),
(4502,45,'l','柳州市'),
(450202,4502,'c','城中区'),
(450203,4502,'y','鱼峰区'),
(450204,4502,'l','柳南区'),
(450205,4502,'l','柳北区'),
(450206,4502,'l','柳江区'),
(450222,4502,'l','柳城县'),
(450223,4502,'l','鹿寨县'),
(450224,4502,'r','融安县'),
(450225,4502,'r','融水苗族自治县'),
(450226,4502,'s','三江侗族自治县'),
(4503,45,'g','桂林市'),
(450302,4503,'x','秀峰区'),
(450303,4503,'d','叠彩区'),
(450304,4503,'x','象山区'),
(450305,4503,'q','七星区'),
(450311,4503,'y','雁山区'),
(450312,4503,'l','临桂区'),
(450321,4503,'y','阳朔县'),
(450323,4503,'l','灵川县'),
(450324,4503,'q','全州县'),
(450325,4503,'x','兴安县'),
(450326,4503,'y','永福县'),
(450327,4503,'g','灌阳县'),
(450328,4503,'l','龙胜各族自治县'),
(450329,4503,'z','资源县'),
(450330,4503,'p','平乐县'),
(450332,4503,'g','恭城瑶族自治县'),
(450381,4503,'l','荔浦市'),
(4504,45,'w','梧州市'),
(450403,4504,'w','万秀区'),
(450405,4504,'c','长洲区'),
(450406,4504,'l','龙圩区'),
(450421,4504,'c','苍梧县'),
(450422,4504,'t','藤县'),
(450423,4504,'m','蒙山县'),
(450481,4504,'c','岑溪市'),
(4505,45,'b','北海市'),
(450502,4505,'h','海城区'),
(450503,4505,'y','银海区'),
(450512,4505,'t','铁山港区'),
(450521,4505,'h','合浦县'),
(4506,45,'f','防城港市'),
(450602,4506,'g','港口区'),
(450603,4506,'f','防城区'),
(450621,4506,'s','上思县'),
(450681,4506,'d','东兴市'),
(4507,45,'q','钦州市'),
(450702,4507,'q','钦南区'),
(450703,4507,'q','钦北区'),
(450721,4507,'l','灵山县'),
(450722,4507,'p','浦北县'),
(4508,45,'g','贵港市'),
(450802,4508,'g','港北区'),
(450803,4508,'g','港南区'),
(450804,4508,'q','覃塘区'),
(450821,4508,'p','平南县'),
(450881,4508,'g','桂平市'),
(4509,45,'y','玉林市'),
(450902,4509,'y','玉州区'),
(450903,4509,'f','福绵区'),
(450921,4509,'r','容县'),
(450922,4509,'l','陆川县'),
(450923,4509,'b','博白县'),
(450924,4509,'x','兴业县'),
(450981,4509,'b','北流市'),
(4510,45,'b','百色市'),
(451002,4510,'y','右江区'),
(451003,4510,'t','田阳区'),
(451022,4510,'t','田东县'),
(451024,4510,'d','德保县'),
(451026,4510,'n','那坡县'),
(451027,4510,'l','凌云县'),
(451028,4510,'l','乐业县'),
(451029,4510,'t','田林县'),
(451030,4510,'x','西林县'),
(451031,4510,'l','隆林各族自治县'),
(451081,4510,'j','靖西市'),
(451082,4510,'p','平果市'),
(4511,45,'h','贺州市'),
(451102,4511,'b','八步区'),
(451103,4511,'p','平桂区'),
(451121,4511,'z','昭平县'),
(451122,4511,'z','钟山县'),
(451123,4511,'f','富川瑶族自治县'),
(4512,45,'h','河池市'),
(451202,4512,'j','金城江区'),
(451203,4512,'y','宜州区'),
(451221,4512,'n','南丹县'),
(451222,4512,'t','天峨县'),
(451223,4512,'f','凤山县'),
(451224,4512,'d','东兰县'),
(451225,4512,'l','罗城仫佬族自治县'),
(451226,4512,'h','环江毛南族自治县'),
(451227,4512,'b','巴马瑶族自治县'),
(451228,4512,'d','都安瑶族自治县'),
(451229,4512,'d','大化瑶族自治县'),
(4513,45,'l','来宾市'),
(451302,4513,'x','兴宾区'),
(451321,4513,'x','忻城县'),
(451322,4513,'x','象州县'),
(451323,4513,'w','武宣县'),
(451324,4513,'j','金秀瑶族自治县'),
(451381,4513,'h','合山市'),
(4514,45,'c','崇左市'),
(451402,4514,'j','江州区'),
(451421,4514,'f','扶绥县'),
(451422,4514,'n','宁明县'),
(451423,4514,'l','龙州县'),
(451424,4514,'d','大新县'),
(451425,4514,'t','天等县'),
(451481,4514,'p','凭祥市'),
(46,0,'h','海南省'),
(4601,46,'h','海口市'),
(460105,4601,'x','秀英区'),
(460106,4601,'l','龙华区'),
(460107,4601,'q','琼山区'),
(460108,4601,'m','美兰区'),
(4602,46,'s','三亚市'),
(460202,4602,'h','海棠区'),
(460203,4602,'j','吉阳区'),
(460204,4602,'t','天涯区'),
(460205,4602,'y','崖州区'),
(4603,46,'s','三沙市'),
(460301,4603,'x','西沙区'),
(460302,4603,'n','南沙区'),
(4604,46,'d','儋州市'),
(460400,4604,'d','儋州市'),
(469001,46,'w','五指山市'),
(469001000,469001,'w','五指山市'),
(469002,46,'q','琼海市'),
(469002000,469002,'q','琼海市'),
(469005,46,'w','文昌市'),
(469005000,469005,'w','文昌市'),
(469006,46,'w','万宁市'),
(469006000,469006,'w','万宁市'),
(469007,46,'d','东方市'),
(469007000,469007,'d','东方市'),
(469021,46,'d','定安县'),
(469021000,469021,'d','定安县'),
(469022,46,'t','屯昌县'),
(469022000,469022,'t','屯昌县'),
(469023,46,'c','澄迈县'),
(469023000,469023,'c','澄迈县'),
(469024,46,'l','临高县'),
(469024000,469024,'l','临高县'),
(469025,46,'b','白沙黎族自治县'),
(469025000,469025,'b','白沙黎族自治县'),
(469026,46,'c','昌江黎族自治县'),
(469026000,469026,'c','昌江黎族自治县'),
(469027,46,'l','乐东黎族自治县'),
(469027000,469027,'l','乐东黎族自治县'),
(469028,46,'l','陵水黎族自治县'),
(469028000,469028,'l','陵水黎族自治县'),
(469029,46,'b','保亭黎族苗族自治县'),
(469029000,469029,'b','保亭黎族苗族自治县'),
(469030,46,'q','琼中黎族苗族自治县'),
(469030000,469030,'q','琼中黎族苗族自治县'),
(50,0,'c','重庆'),
(5001,50,'c','重庆市'),
(500101,5001,'w','万州区'),
(500102,5001,'f','涪陵区'),
(500103,5001,'y','渝中区'),
(500104,5001,'d','大渡口区'),
(500105,5001,'j','江北区'),
(500106,5001,'s','沙坪坝区'),
(500107,5001,'j','九龙坡区'),
(500108,5001,'n','南岸区'),
(500109,5001,'b','北碚区'),
(500110,5001,'q','綦江区'),
(500111,5001,'d','大足区'),
(500112,5001,'y','渝北区'),
(500113,5001,'b','巴南区'),
(500114,5001,'q','黔江区'),
(500115,5001,'c','长寿区'),
(500116,5001,'j','江津区'),
(500117,5001,'h','合川区'),
(500118,5001,'y','永川区'),
(500119,5001,'n','南川区'),
(500120,5001,'b','璧山区'),
(500151,5001,'t','铜梁区'),
(500152,5001,'t','潼南区'),
(500153,5001,'r','荣昌区'),
(500154,5001,'k','开州区'),
(500155,5001,'l','梁平区'),
(500156,5001,'w','武隆区'),
(5002,50,'c','重庆郊县'),
(500229,5002,'c','城口县'),
(500230,5002,'f','丰都县'),
(500231,5002,'d','垫江县'),
(500233,5002,'z','忠县'),
(500235,5002,'y','云阳县'),
(500236,5002,'f','奉节县'),
(500237,5002,'w','巫山县'),
(500238,5002,'w','巫溪县'),
(500240,5002,'s','石柱土家族自治县'),
(500241,5002,'x','秀山土家族苗族自治县'),
(500242,5002,'y','酉阳土家族苗族自治县'),
(500243,5002,'p','彭水苗族土家族自治县'),
(51,0,'s','四川省'),
(5101,51,'c','成都市'),
(510104,5101,'j','锦江区'),
(510105,5101,'q','青羊区'),
(510106,5101,'j','金牛区'),
(510107,5101,'w','武侯区'),
(510108,5101,'c','成华区'),
(510112,5101,'l','龙泉驿区'),
(510113,5101,'q','青白江区'),
(510114,5101,'x','新都区'),
(510115,5101,'w','温江区'),
(510116,5101,'s','双流区'),
(510117,5101,'p','郫都区'),
(510118,5101,'x','新津区'),
(510121,5101,'j','金堂县'),
(510129,5101,'d','大邑县'),
(510131,5101,'p','蒲江县'),
(510181,5101,'d','都江堰市'),
(510182,5101,'p','彭州市'),
(510183,5101,'q','邛崃市'),
(510184,5101,'c','崇州市'),
(510185,5101,'j','简阳市'),
(5103,51,'z','自贡市'),
(510302,5103,'z','自流井区'),
(510303,5103,'g','贡井区'),
(510304,5103,'d','大安区'),
(510311,5103,'y','沿滩区'),
(510321,5103,'r','荣县'),
(510322,5103,'f','富顺县'),
(5104,51,'p','攀枝花市'),
(510402,5104,'d','东区'),
(510403,5104,'x','西区'),
(510411,5104,'r','仁和区'),
(510421,5104,'m','米易县'),
(510422,5104,'y','盐边县'),
(5105,51,'l','泸州市'),
(510502,5105,'j','江阳区'),
(510503,5105,'n','纳溪区'),
(510504,5105,'l','龙马潭区'),
(510521,5105,'l','泸县'),
(510522,5105,'h','合江县'),
(510524,5105,'x','叙永县'),
(510525,5105,'g','古蔺县'),
(5106,51,'d','德阳市'),
(510603,5106,'j','旌阳区'),
(510604,5106,'l','罗江区'),
(510623,5106,'z','中江县'),
(510681,5106,'g','广汉市'),
(510682,5106,'s','什邡市'),
(510683,5106,'m','绵竹市'),
(5107,51,'m','绵阳市'),
(510703,5107,'f','涪城区'),
(510704,5107,'y','游仙区'),
(510705,5107,'a','安州区'),
(510722,5107,'s','三台县'),
(510723,5107,'y','盐亭县'),
(510725,5107,'z','梓潼县'),
(510726,5107,'b','北川羌族自治县'),
(510727,5107,'p','平武县'),
(510781,5107,'j','江油市'),
(5108,51,'g','广元市'),
(510802,5108,'l','利州区'),
(510811,5108,'z','昭化区'),
(510812,5108,'c','朝天区'),
(510821,5108,'w','旺苍县'),
(510822,5108,'q','青川县'),
(510823,5108,'j','剑阁县'),
(510824,5108,'c','苍溪县'),
(5109,51,'s','遂宁市'),
(510903,5109,'c','船山区'),
(510904,5109,'a','安居区'),
(510921,5109,'p','蓬溪县'),
(510923,5109,'d','大英县'),
(510981,5109,'s','射洪市'),
(5110,51,'n','内江市'),
(511002,5110,'s','市中区'),
(511011,5110,'d','东兴区'),
(511024,5110,'w','威远县'),
(511025,5110,'z','资中县'),
(511083,5110,'l','隆昌市'),
(5111,51,'l','乐山市'),
(511102,5111,'s','市中区'),
(511111,5111,'s','沙湾区'),
(511112,5111,'w','五通桥区'),
(511113,5111,'j','金口河区'),
(511123,5111,'q','犍为县'),
(511124,5111,'j','井研县'),
(511126,5111,'j','夹江县'),
(511129,5111,'m','沐川县'),
(511132,5111,'e','峨边彝族自治县'),
(511133,5111,'m','马边彝族自治县'),
(511181,5111,'e','峨眉山市'),
(5113,51,'n','南充市'),
(511302,5113,'s','顺庆区'),
(511303,5113,'g','高坪区'),
(511304,5113,'j','嘉陵区'),
(511321,5113,'n','南部县'),
(511322,5113,'y','营山县'),
(511323,5113,'p','蓬安县'),
(511324,5113,'y','仪陇县'),
(511325,5113,'x','西充县'),
(511381,5113,'l','阆中市'),
(5114,51,'m','眉山市'),
(511402,5114,'d','东坡区'),
(511403,5114,'p','彭山区'),
(511421,5114,'r','仁寿县'),
(511423,5114,'h','洪雅县'),
(511424,5114,'d','丹棱县'),
(511425,5114,'q','青神县'),
(5115,51,'y','宜宾市'),
(511502,5115,'c','翠屏区'),
(511503,5115,'n','南溪区'),
(511504,5115,'x','叙州区'),
(511523,5115,'j','江安县'),
(511524,5115,'c','长宁县'),
(511525,5115,'g','高县'),
(511526,5115,'g','珙县'),
(511527,5115,'j','筠连县'),
(511528,5115,'x','兴文县'),
(511529,5115,'p','屏山县'),
(5116,51,'g','广安市'),
(511602,5116,'g','广安区'),
(511603,5116,'q','前锋区'),
(511621,5116,'y','岳池县'),
(511622,5116,'w','武胜县'),
(511623,5116,'l','邻水县'),
(511681,5116,'h','华蓥市'),
(5117,51,'d','达州市'),
(511702,5117,'t','通川区'),
(511703,5117,'d','达川区'),
(511722,5117,'x','宣汉县'),
(511723,5117,'k','开江县'),
(511724,5117,'d','大竹县'),
(511725,5117,'q','渠县'),
(511781,5117,'w','万源市'),
(5118,51,'y','雅安市'),
(511802,5118,'y','雨城区'),
(511803,5118,'m','名山区'),
(511822,5118,'y','荥经县'),
(511823,5118,'h','汉源县'),
(511824,5118,'s','石棉县'),
(511825,5118,'t','天全县'),
(511826,5118,'l','芦山县'),
(511827,5118,'b','宝兴县'),
(5119,51,'b','巴中市'),
(511902,5119,'b','巴州区'),
(511903,5119,'e','恩阳区'),
(511921,5119,'t','通江县'),
(511922,5119,'n','南江县'),
(511923,5119,'p','平昌县'),
(5120,51,'z','资阳市'),
(512002,5120,'y','雁江区'),
(512021,5120,'a','安岳县'),
(512022,5120,'l','乐至县'),
(5132,51,'a','阿坝藏族羌族自治州'),
(513201,5132,'m','马尔康市'),
(513221,5132,'w','汶川县'),
(513222,5132,'l','理县'),
(513223,5132,'m','茂县'),
(513224,5132,'s','松潘县'),
(513225,5132,'j','九寨沟县'),
(513226,5132,'j','金川县'),
(513227,5132,'x','小金县'),
(513228,5132,'h','黑水县'),
(513230,5132,'r','壤塘县'),
(513231,5132,'a','阿坝县'),
(513232,5132,'r','若尔盖县'),
(513233,5132,'h','红原县'),
(5133,51,'g','甘孜藏族自治州'),
(513301,5133,'k','康定市'),
(513322,5133,'l','泸定县'),
(513323,5133,'d','丹巴县'),
(513324,5133,'j','九龙县'),
(513325,5133,'y','雅江县'),
(513326,5133,'d','道孚县'),
(513327,5133,'l','炉霍县'),
(513328,5133,'g','甘孜县'),
(513329,5133,'x','新龙县'),
(513330,5133,'d','德格县'),
(513331,5133,'b','白玉县'),
(513332,5133,'s','石渠县'),
(513333,5133,'s','色达县'),
(513334,5133,'l','理塘县'),
(513335,5133,'b','巴塘县'),
(513336,5133,'x','乡城县'),
(513337,5133,'d','稻城县'),
(513338,5133,'d','得荣县'),
(5134,51,'l','凉山彝族自治州'),
(513401,5134,'x','西昌市'),
(513402,5134,'h','会理市'),
(513422,5134,'m','木里藏族自治县'),
(513423,5134,'y','盐源县'),
(513424,5134,'d','德昌县'),
(513426,5134,'h','会东县'),
(513427,5134,'n','宁南县'),
(513428,5134,'p','普格县'),
(513429,5134,'b','布拖县'),
(513430,5134,'j','金阳县'),
(513431,5134,'z','昭觉县'),
(513432,5134,'x','喜德县'),
(513433,5134,'m','冕宁县'),
(513434,5134,'y','越西县'),
(513435,5134,'g','甘洛县'),
(513436,5134,'m','美姑县'),
(513437,5134,'l','雷波县'),
(52,0,'g','贵州省'),
(5201,52,'g','贵阳市'),
(520102,5201,'n','南明区'),
(520103,5201,'y','云岩区'),
(520111,5201,'h','花溪区'),
(520112,5201,'w','乌当区'),
(520113,5201,'b','白云区'),
(520115,5201,'g','观山湖区'),
(520121,5201,'k','开阳县'),
(520122,5201,'x','息烽县'),
(520123,5201,'x','修文县'),
(520181,5201,'q','清镇市'),
(5202,52,'l','六盘水市'),
(520201,5202,'z','钟山区'),
(520203,5202,'l','六枝特区'),
(520204,5202,'s','水城区'),
(520281,5202,'p','盘州市'),
(5203,52,'z','遵义市'),
(520302,5203,'h','红花岗区'),
(520303,5203,'h','汇川区'),
(520304,5203,'b','播州区'),
(520322,5203,'t','桐梓县'),
(520323,5203,'s','绥阳县'),
(520324,5203,'z','正安县'),
(520325,5203,'d','道真仡佬族苗族自治县'),
(520326,5203,'w','务川仡佬族苗族自治县'),
(520327,5203,'f','凤冈县'),
(520328,5203,'m','湄潭县'),
(520329,5203,'y','余庆县'),
(520330,5203,'x','习水县'),
(520381,5203,'c','赤水市'),
(520382,5203,'r','仁怀市'),
(5204,52,'a','安顺市'),
(520402,5204,'x','西秀区'),
(520403,5204,'p','平坝区'),
(520422,5204,'p','普定县'),
(520423,5204,'z','镇宁布依族苗族自治县'),
(520424,5204,'g','关岭布依族苗族自治县'),
(520425,5204,'z','紫云苗族布依族自治县'),
(5205,52,'b','毕节市'),
(520502,5205,'q','七星关区'),
(520521,5205,'d','大方县'),
(520523,5205,'j','金沙县'),
(520524,5205,'z','织金县'),
(520525,5205,'n','纳雍县'),
(520526,5205,'w','威宁彝族回族苗族自治县'),
(520527,5205,'h','赫章县'),
(520581,5205,'q','黔西市'),
(5206,52,'t','铜仁市'),
(520602,5206,'b','碧江区'),
(520603,5206,'w','万山区'),
(520621,5206,'j','江口县'),
(520622,5206,'y','玉屏侗族自治县'),
(520623,5206,'s','石阡县'),
(520624,5206,'s','思南县'),
(520625,5206,'y','印江土家族苗族自治县'),
(520626,5206,'d','德江县'),
(520627,5206,'y','沿河土家族自治县'),
(520628,5206,'s','松桃苗族自治县'),
(5223,52,'q','黔西南布依族苗族自治州'),
(522301,5223,'x','兴义市'),
(522302,5223,'x','兴仁市'),
(522323,5223,'p','普安县'),
(522324,5223,'q','晴隆县'),
(522325,5223,'z','贞丰县'),
(522326,5223,'w','望谟县'),
(522327,5223,'c','册亨县'),
(522328,5223,'a','安龙县'),
(5226,52,'q','黔东南苗族侗族自治州'),
(522601,5226,'k','凯里市'),
(522622,5226,'h','黄平县'),
(522623,5226,'s','施秉县'),
(522624,5226,'s','三穗县'),
(522625,5226,'z','镇远县'),
(522626,5226,'c','岑巩县'),
(522627,5226,'t','天柱县'),
(522628,5226,'j','锦屏县'),
(522629,5226,'j','剑河县'),
(522630,5226,'t','台江县'),
(522631,5226,'l','黎平县'),
(522632,5226,'r','榕江县'),
(522633,5226,'c','从江县'),
(522634,5226,'l','雷山县'),
(522635,5226,'m','麻江县'),
(522636,5226,'d','丹寨县'),
(5227,52,'q','黔南布依族苗族自治州'),
(522701,5227,'d','都匀市'),
(522702,5227,'f','福泉市'),
(522722,5227,'l','荔波县'),
(522723,5227,'g','贵定县'),
(522725,5227,'w','瓮安县'),
(522726,5227,'d','独山县'),
(522727,5227,'p','平塘县'),
(522728,5227,'l','罗甸县'),
(522729,5227,'c','长顺县'),
(522730,5227,'l','龙里县'),
(522731,5227,'h','惠水县'),
(522732,5227,'s','三都水族自治县'),
(53,0,'y','云南省'),
(5301,53,'k','昆明市'),
(530102,5301,'w','五华区'),
(530103,5301,'p','盘龙区'),
(530111,5301,'g','官渡区'),
(530112,5301,'x','西山区'),
(530113,5301,'d','东川区'),
(530114,5301,'c','呈贡区'),
(530115,5301,'j','晋宁区'),
(530124,5301,'f','富民县'),
(530125,5301,'y','宜良县'),
(530126,5301,'s','石林彝族自治县'),
(530127,5301,'s','嵩明县'),
(530128,5301,'l','禄劝彝族苗族自治县'),
(530129,5301,'x','寻甸回族彝族自治县'),
(530181,5301,'a','安宁市'),
(5303,53,'q','曲靖市'),
(530302,5303,'q','麒麟区'),
(530303,5303,'z','沾益区'),
(530304,5303,'m','马龙区'),
(530322,5303,'l','陆良县'),
(530323,5303,'s','师宗县'),
(530324,5303,'l','罗平县'),
(530325,5303,'f','富源县'),
(530326,5303,'h','会泽县'),
(530381,5303,'x','宣威市'),
(5304,53,'y','玉溪市'),
(530402,5304,'h','红塔区'),
(530403,5304,'j','江川区'),
(530423,5304,'t','通海县'),
(530424,5304,'h','华宁县'),
(530425,5304,'y','易门县'),
(530426,5304,'e','峨山彝族自治县'),
(530427,5304,'x','新平彝族傣族自治县'),
(530428,5304,'y','元江哈尼族彝族傣族自治县'),
(530481,5304,'c','澄江市'),
(5305,53,'b','保山市'),
(530502,5305,'l','隆阳区'),
(530521,5305,'s','施甸县'),
(530523,5305,'l','龙陵县'),
(530524,5305,'c','昌宁县'),
(530581,5305,'t','腾冲市'),
(5306,53,'z','昭通市'),
(530602,5306,'z','昭阳区'),
(530621,5306,'l','鲁甸县'),
(530622,5306,'q','巧家县'),
(530623,5306,'y','盐津县'),
(530624,5306,'d','大关县'),
(530625,5306,'y','永善县'),
(530626,5306,'s','绥江县'),
(530627,5306,'z','镇雄县'),
(530628,5306,'y','彝良县'),
(530629,5306,'w','威信县'),
(530681,5306,'s','水富市'),
(5307,53,'l','丽江市'),
(530702,5307,'g','古城区'),
(530721,5307,'y','玉龙纳西族自治县'),
(530722,5307,'y','永胜县'),
(530723,5307,'h','华坪县'),
(530724,5307,'n','宁蒗彝族自治县'),
(5308,53,'p','普洱市'),
(530802,5308,'s','思茅区'),
(530821,5308,'n','宁洱哈尼族彝族自治县'),
(530822,5308,'m','墨江哈尼族自治县'),
(530823,5308,'j','景东彝族自治县'),
(530824,5308,'j','景谷傣族彝族自治县'),
(530825,5308,'z','镇沅彝族哈尼族拉祜族自治县'),
(530826,5308,'j','江城哈尼族彝族自治县'),
(530827,5308,'m','孟连傣族拉祜族佤族自治县'),
(530828,5308,'l','澜沧拉祜族自治县'),
(530829,5308,'x','西盟佤族自治县'),
(5309,53,'l','临沧市'),
(530902,5309,'l','临翔区'),
(530921,5309,'f','凤庆县'),
(530922,5309,'y','云县'),
(530923,5309,'y','永德县'),
(530924,5309,'z','镇康县'),
(530925,5309,'s','双江拉祜族佤族布朗族傣族自治县'),
(530926,5309,'g','耿马傣族佤族自治县'),
(530927,5309,'c','沧源佤族自治县'),
(5323,53,'c','楚雄彝族自治州'),
(532301,5323,'c','楚雄市'),
(532302,5323,'l','禄丰市'),
(532322,5323,'s','双柏县'),
(532323,5323,'m','牟定县'),
(532324,5323,'n','南华县'),
(532325,5323,'y','姚安县'),
(532326,5323,'d','大姚县'),
(532327,5323,'y','永仁县'),
(532328,5323,'y','元谋县'),
(532329,5323,'w','武定县'),
(5325,53,'h','红河哈尼族彝族自治州'),
(532501,5325,'g','个旧市'),
(532502,5325,'k','开远市'),
(532503,5325,'m','蒙自市'),
(532504,5325,'m','弥勒市'),
(532523,5325,'p','屏边苗族自治县'),
(532524,5325,'j','建水县'),
(532525,5325,'s','石屏县'),
(532527,5325,'l','泸西县'),
(532528,5325,'y','元阳县'),
(532529,5325,'h','红河县'),
(532530,5325,'j','金平苗族瑶族傣族自治县'),
(532531,5325,'l','绿春县'),
(532532,5325,'h','河口瑶族自治县'),
(5326,53,'w','文山壮族苗族自治州'),
(532601,5326,'w','文山市'),
(532622,5326,'y','砚山县'),
(532623,5326,'x','西畴县'),
(532624,5326,'m','麻栗坡县'),
(532625,5326,'m','马关县'),
(532626,5326,'q','丘北县'),
(532627,5326,'g','广南县'),
(532628,5326,'f','富宁县'),
(5328,53,'x','西双版纳傣族自治州'),
(532801,5328,'j','景洪市'),
(532822,5328,'m','勐海县'),
(532823,5328,'m','勐腊县'),
(5329,53,'d','大理白族自治州'),
(532901,5329,'d','大理市'),
(532922,5329,'y','漾濞彝族自治县'),
(532923,5329,'x','祥云县'),
(532924,5329,'b','宾川县'),
(532925,5329,'m','弥渡县'),
(532926,5329,'n','南涧彝族自治县'),
(532927,5329,'w','巍山彝族回族自治县'),
(532928,5329,'y','永平县'),
(532929,5329,'y','云龙县'),
(532930,5329,'e','洱源县'),
(532931,5329,'j','剑川县'),
(532932,5329,'h','鹤庆县'),
(5331,53,'d','德宏傣族景颇族自治州'),
(533102,5331,'r','瑞丽市'),
(533103,5331,'m','芒市'),
(533122,5331,'l','梁河县'),
(533123,5331,'y','盈江县'),
(533124,5331,'l','陇川县'),
(5333,53,'n','怒江傈僳族自治州'),
(533301,5333,'l','泸水市'),
(533323,5333,'f','福贡县'),
(533324,5333,'g','贡山独龙族怒族自治县'),
(533325,5333,'l','兰坪白族普米族自治县'),
(5334,53,'d','迪庆藏族自治州'),
(533401,5334,'x','香格里拉市'),
(533422,5334,'d','德钦县'),
(533423,5334,'w','维西傈僳族自治县'),
(54,0,'x','西藏自治区'),
(5401,54,'l','拉萨市'),
(540102,5401,'c','城关区'),
(540103,5401,'d','堆龙德庆区'),
(540104,5401,'d','达孜区'),
(540121,5401,'l','林周县'),
(540122,5401,'d','当雄县'),
(540123,5401,'n','尼木县'),
(540124,5401,'q','曲水县'),
(540127,5401,'m','墨竹工卡县'),
(5402,54,'r','日喀则市'),
(540202,5402,'s','桑珠孜区'),
(540221,5402,'n','南木林县'),
(540222,5402,'j','江孜县'),
(540223,5402,'d','定日县'),
(540224,5402,'s','萨迦县'),
(540225,5402,'l','拉孜县'),
(540226,5402,'a','昂仁县'),
(540227,5402,'x','谢通门县'),
(540228,5402,'b','白朗县'),
(540229,5402,'r','仁布县'),
(540230,5402,'k','康马县'),
(540231,5402,'d','定结县'),
(540232,5402,'z','仲巴县'),
(540233,5402,'y','亚东县'),
(540234,5402,'j','吉隆县'),
(540235,5402,'n','聂拉木县'),
(540236,5402,'s','萨嘎县'),
(540237,5402,'g','岗巴县'),
(5403,54,'c','昌都市'),
(540302,5403,'k','卡若区'),
(540321,5403,'j','江达县'),
(540322,5403,'g','贡觉县'),
(540323,5403,'l','类乌齐县'),
(540324,5403,'d','丁青县'),
(540325,5403,'c','察雅县'),
(540326,5403,'b','八宿县'),
(540327,5403,'z','左贡县'),
(540328,5403,'m','芒康县'),
(540329,5403,'l','洛隆县'),
(540330,5403,'b','边坝县'),
(5404,54,'l','林芝市'),
(540402,5404,'b','巴宜区'),
(540421,5404,'g','工布江达县'),
(540422,5404,'m','米林县'),
(540423,5404,'m','墨脱县'),
(540424,5404,'b','波密县'),
(540425,5404,'c','察隅县'),
(540426,5404,'l','朗县'),
(5405,54,'s','山南市'),
(540502,5405,'n','乃东区'),
(540521,5405,'z','扎囊县'),
(540522,5405,'g','贡嘎县'),
(540523,5405,'s','桑日县'),
(540524,5405,'q','琼结县'),
(540525,5405,'q','曲松县'),
(540526,5405,'c','措美县'),
(540527,5405,'l','洛扎县'),
(540528,5405,'j','加查县'),
(540529,5405,'l','隆子县'),
(540530,5405,'c','错那县'),
(540531,5405,'l','浪卡子县'),
(5406,54,'n','那曲市'),
(540602,5406,'s','色尼区'),
(540621,5406,'j','嘉黎县'),
(540622,5406,'b','比如县'),
(540623,5406,'n','聂荣县'),
(540624,5406,'a','安多县'),
(540625,5406,'s','申扎县'),
(540626,5406,'s','索县'),
(540627,5406,'b','班戈县'),
(540628,5406,'b','巴青县'),
(540629,5406,'n','尼玛县'),
(540630,5406,'s','双湖县'),
(5425,54,'a','阿里地区'),
(542521,5425,'p','普兰县'),
(542522,5425,'z','札达县'),
(542523,5425,'g','噶尔县'),
(542524,5425,'r','日土县'),
(542525,5425,'g','革吉县'),
(542526,5425,'g','改则县'),
(542527,5425,'c','措勤县'),
(61,0,'s','陕西省'),
(6101,61,'x','西安市'),
(610102,6101,'x','新城区'),
(610103,6101,'b','碑林区'),
(610104,6101,'l','莲湖区'),
(610111,6101,'b','灞桥区'),
(610112,6101,'w','未央区'),
(610113,6101,'y','雁塔区'),
(610114,6101,'y','阎良区'),
(610115,6101,'l','临潼区'),
(610116,6101,'c','长安区'),
(610117,6101,'g','高陵区'),
(610118,6101,'h','鄠邑区'),
(610122,6101,'l','蓝田县'),
(610124,6101,'z','周至县'),
(6102,61,'t','铜川市'),
(610202,6102,'w','王益区'),
(610203,6102,'y','印台区'),
(610204,6102,'y','耀州区'),
(610222,6102,'y','宜君县'),
(6103,61,'b','宝鸡市'),
(610302,6103,'w','渭滨区'),
(610303,6103,'j','金台区'),
(610304,6103,'c','陈仓区'),
(610305,6103,'f','凤翔区'),
(610323,6103,'q','岐山县'),
(610324,6103,'f','扶风县'),
(610326,6103,'m','眉县'),
(610327,6103,'l','陇县'),
(610328,6103,'q','千阳县'),
(610329,6103,'l','麟游县'),
(610330,6103,'f','凤县'),
(610331,6103,'t','太白县'),
(6104,61,'x','咸阳市'),
(610402,6104,'q','秦都区'),
(610403,6104,'y','杨陵区'),
(610404,6104,'w','渭城区'),
(610422,6104,'s','三原县'),
(610423,6104,'j','泾阳县'),
(610424,6104,'q','乾县'),
(610425,6104,'l','礼泉县'),
(610426,6104,'y','永寿县'),
(610428,6104,'c','长武县'),
(610429,6104,'x','旬邑县'),
(610430,6104,'c','淳化县'),
(610431,6104,'w','武功县'),
(610481,6104,'x','兴平市'),
(610482,6104,'b','彬州市'),
(6105,61,'w','渭南市'),
(610502,6105,'l','临渭区'),
(610503,6105,'h','华州区'),
(610522,6105,'t','潼关县'),
(610523,6105,'d','大荔县'),
(610524,6105,'h','合阳县'),
(610525,6105,'c','澄城县'),
(610526,6105,'p','蒲城县'),
(610527,6105,'b','白水县'),
(610528,6105,'f','富平县'),
(610581,6105,'h','韩城市'),
(610582,6105,'h','华阴市'),
(6106,61,'y','延安市'),
(610602,6106,'b','宝塔区'),
(610603,6106,'a','安塞区'),
(610621,6106,'y','延长县'),
(610622,6106,'y','延川县'),
(610625,6106,'z','志丹县'),
(610626,6106,'w','吴起县'),
(610627,6106,'g','甘泉县'),
(610628,6106,'f','富县'),
(610629,6106,'l','洛川县'),
(610630,6106,'y','宜川县'),
(610631,6106,'h','黄龙县'),
(610632,6106,'h','黄陵县'),
(610681,6106,'z','子长市'),
(6107,61,'h','汉中市'),
(610702,6107,'h','汉台区'),
(610703,6107,'n','南郑区'),
(610722,6107,'c','城固县'),
(610723,6107,'y','洋县'),
(610724,6107,'x','西乡县'),
(610725,6107,'m','勉县'),
(610726,6107,'n','宁强县'),
(610727,6107,'l','略阳县'),
(610728,6107,'z','镇巴县'),
(610729,6107,'l','留坝县'),
(610730,6107,'f','佛坪县'),
(6108,61,'y','榆林市'),
(610802,6108,'y','榆阳区'),
(610803,6108,'h','横山区'),
(610822,6108,'f','府谷县'),
(610824,6108,'j','靖边县'),
(610825,6108,'d','定边县'),
(610826,6108,'s','绥德县'),
(610827,6108,'m','米脂县'),
(610828,6108,'j','佳县'),
(610829,6108,'w','吴堡县'),
(610830,6108,'q','清涧县'),
(610831,6108,'z','子洲县'),
(610881,6108,'s','神木市'),
(6109,61,'a','安康市'),
(610902,6109,'h','汉滨区'),
(610921,6109,'h','汉阴县'),
(610922,6109,'s','石泉县'),
(610923,6109,'n','宁陕县'),
(610924,6109,'z','紫阳县'),
(610925,6109,'l','岚皋县'),
(610926,6109,'p','平利县'),
(610927,6109,'z','镇坪县'),
(610929,6109,'b','白河县'),
(610981,6109,'x','旬阳市'),
(6110,61,'s','商洛市'),
(611002,6110,'s','商州区'),
(611021,6110,'l','洛南县'),
(611022,6110,'d','丹凤县'),
(611023,6110,'s','商南县'),
(611024,6110,'s','山阳县'),
(611025,6110,'z','镇安县'),
(611026,6110,'z','柞水县'),
(62,0,'g','甘肃省'),
(6201,62,'l','兰州市'),
(620102,6201,'c','城关区'),
(620103,6201,'q','七里河区'),
(620104,6201,'x','西固区'),
(620105,6201,'a','安宁区'),
(620111,6201,'h','红古区'),
(620121,6201,'y','永登县'),
(620122,6201,'g','皋兰县'),
(620123,6201,'y','榆中县'),
(6202,62,'j','嘉峪关市'),
(620201,6202,'j','嘉峪关市'),
(6203,62,'j','金昌市'),
(620302,6203,'j','金川区'),
(620321,6203,'y','永昌县'),
(6204,62,'b','白银市'),
(620402,6204,'b','白银区'),
(620403,6204,'p','平川区'),
(620421,6204,'j','靖远县'),
(620422,6204,'h','会宁县'),
(620423,6204,'j','景泰县'),
(6205,62,'t','天水市'),
(620502,6205,'q','秦州区'),
(620503,6205,'m','麦积区'),
(620521,6205,'q','清水县'),
(620522,6205,'q','秦安县'),
(620523,6205,'g','甘谷县'),
(620524,6205,'w','武山县'),
(620525,6205,'z','张家川回族自治县'),
(6206,62,'w','武威市'),
(620602,6206,'l','凉州区'),
(620621,6206,'m','民勤县'),
(620622,6206,'g','古浪县'),
(620623,6206,'t','天祝藏族自治县'),
(6207,62,'z','张掖市'),
(620702,6207,'g','甘州区'),
(620721,6207,'s','肃南裕固族自治县'),
(620722,6207,'m','民乐县'),
(620723,6207,'l','临泽县'),
(620724,6207,'g','高台县'),
(620725,6207,'s','山丹县'),
(6208,62,'p','平凉市'),
(620802,6208,'k','崆峒区'),
(620821,6208,'j','泾川县'),
(620822,6208,'l','灵台县'),
(620823,6208,'c','崇信县'),
(620825,6208,'z','庄浪县'),
(620826,6208,'j','静宁县'),
(620881,6208,'h','华亭市'),
(6209,62,'j','酒泉市'),
(620902,6209,'s','肃州区'),
(620921,6209,'j','金塔县'),
(620922,6209,'g','瓜州县'),
(620923,6209,'s','肃北蒙古族自治县'),
(620924,6209,'a','阿克塞哈萨克族自治县'),
(620981,6209,'y','玉门市'),
(620982,6209,'d','敦煌市'),
(6210,62,'q','庆阳市'),
(621002,6210,'x','西峰区'),
(621021,6210,'q','庆城县'),
(621022,6210,'h','环县'),
(621023,6210,'h','华池县'),
(621024,6210,'h','合水县'),
(621025,6210,'z','正宁县'),
(621026,6210,'n','宁县'),
(621027,6210,'z','镇原县'),
(6211,62,'d','定西市'),
(621102,6211,'a','安定区'),
(621121,6211,'t','通渭县'),
(621122,6211,'l','陇西县'),
(621123,6211,'w','渭源县'),
(621124,6211,'l','临洮县'),
(621125,6211,'z','漳县'),
(621126,6211,'m','岷县'),
(6212,62,'l','陇南市'),
(621202,6212,'w','武都区'),
(621221,6212,'c','成县'),
(621222,6212,'w','文县'),
(621223,6212,'t','宕昌县'),
(621224,6212,'k','康县'),
(621225,6212,'x','西和县'),
(621226,6212,'l','礼县'),
(621227,6212,'h','徽县'),
(621228,6212,'l','两当县'),
(6229,62,'l','临夏回族自治州'),
(622901,6229,'l','临夏市'),
(622921,6229,'l','临夏县'),
(622922,6229,'k','康乐县'),
(622923,6229,'y','永靖县'),
(622924,6229,'g','广河县'),
(622925,6229,'h','和政县'),
(622926,6229,'d','东乡族自治县'),
(622927,6229,'j','积石山保安族东乡族撒拉族自治县'),
(6230,62,'g','甘南藏族自治州'),
(623001,6230,'h','合作市'),
(623021,6230,'l','临潭县'),
(623022,6230,'z','卓尼县'),
(623023,6230,'z','舟曲县'),
(623024,6230,'d','迭部县'),
(623025,6230,'m','玛曲县'),
(623026,6230,'l','碌曲县'),
(623027,6230,'x','夏河县'),
(63,0,'q','青海省'),
(6301,63,'x','西宁市'),
(630102,6301,'c','城东区'),
(630103,6301,'c','城中区'),
(630104,6301,'c','城西区'),
(630105,6301,'c','城北区'),
(630106,6301,'h','湟中区'),
(630121,6301,'d','大通回族土族自治县'),
(630123,6301,'h','湟源县'),
(6302,63,'h','海东市'),
(630202,6302,'l','乐都区'),
(630203,6302,'p','平安区'),
(630222,6302,'m','民和回族土族自治县'),
(630223,6302,'h','互助土族自治县'),
(630224,6302,'h','化隆回族自治县'),
(630225,6302,'x','循化撒拉族自治县'),
(6322,63,'h','海北藏族自治州'),
(632221,6322,'m','门源回族自治县'),
(632222,6322,'q','祁连县'),
(632223,6322,'h','海晏县'),
(632224,6322,'g','刚察县'),
(6323,63,'h','黄南藏族自治州'),
(632301,6323,'t','同仁市'),
(632322,6323,'j','尖扎县'),
(632323,6323,'z','泽库县'),
(632324,6323,'h','河南蒙古族自治县'),
(6325,63,'h','海南藏族自治州'),
(632521,6325,'g','共和县'),
(632522,6325,'t','同德县'),
(632523,6325,'g','贵德县'),
(632524,6325,'x','兴海县'),
(632525,6325,'g','贵南县'),
(6326,63,'g','果洛藏族自治州'),
(632621,6326,'m','玛沁县'),
(632622,6326,'b','班玛县'),
(632623,6326,'g','甘德县'),
(632624,6326,'d','达日县'),
(632625,6326,'j','久治县'),
(632626,6326,'m','玛多县'),
(6327,63,'y','玉树藏族自治州'),
(632701,6327,'y','玉树市'),
(632722,6327,'z','杂多县'),
(632723,6327,'c','称多县'),
(632724,6327,'z','治多县'),
(632725,6327,'n','囊谦县'),
(632726,6327,'q','曲麻莱县'),
(6328,63,'h','海西蒙古族藏族自治州'),
(632801,6328,'g','格尔木市'),
(632802,6328,'d','德令哈市'),
(632803,6328,'m','茫崖市'),
(632821,6328,'w','乌兰县'),
(632822,6328,'d','都兰县'),
(632823,6328,'t','天峻县'),
(632825,6328,'d','大柴旦行政委员会'),
(64,0,'n','宁夏回族自治区'),
(6401,64,'y','银川市'),
(640104,6401,'x','兴庆区'),
(640105,6401,'x','西夏区'),
(640106,6401,'j','金凤区'),
(640121,6401,'y','永宁县'),
(640122,6401,'h','贺兰县'),
(640181,6401,'l','灵武市'),
(6402,64,'s','石嘴山市'),
(640202,6402,'d','大武口区'),
(640205,6402,'h','惠农区'),
(640221,6402,'p','平罗县'),
(6403,64,'w','吴忠市'),
(640302,6403,'l','利通区'),
(640303,6403,'h','红寺堡区'),
(640323,6403,'y','盐池县'),
(640324,6403,'t','同心县'),
(640381,6403,'q','青铜峡市'),
(6404,64,'g','固原市'),
(640402,6404,'y','原州区'),
(640422,6404,'x','西吉县'),
(640423,6404,'l','隆德县'),
(640424,6404,'j','泾源县'),
(640425,6404,'p','彭阳县'),
(6405,64,'z','中卫市'),
(640502,6405,'s','沙坡头区'),
(640521,6405,'z','中宁县'),
(640522,6405,'h','海原县'),
(65,0,'x','新疆维吾尔自治区'),
(6501,65,'w','乌鲁木齐市'),
(650102,6501,'t','天山区'),
(650103,6501,'s','沙依巴克区'),
(650104,6501,'x','新市区'),
(650105,6501,'s','水磨沟区'),
(650106,6501,'t','头屯河区'),
(650107,6501,'d','达坂城区'),
(650109,6501,'m','米东区'),
(650121,6501,'w','乌鲁木齐县'),
(6502,65,'k','克拉玛依市'),
(650202,6502,'d','独山子区'),
(650203,6502,'k','克拉玛依区'),
(650204,6502,'b','白碱滩区'),
(650205,6502,'w','乌尔禾区'),
(6504,65,'t','吐鲁番市'),
(650402,6504,'g','高昌区'),
(650421,6504,'s','鄯善县'),
(650422,6504,'t','托克逊县'),
(6505,65,'h','哈密市'),
(650502,6505,'y','伊州区'),
(650521,6505,'b','巴里坤哈萨克自治县'),
(650522,6505,'y','伊吾县'),
(6523,65,'c','昌吉回族自治州'),
(652301,6523,'c','昌吉市'),
(652302,6523,'f','阜康市'),
(652323,6523,'h','呼图壁县'),
(652324,6523,'m','玛纳斯县'),
(652325,6523,'q','奇台县'),
(652327,6523,'j','吉木萨尔县'),
(652328,6523,'m','木垒哈萨克自治县'),
(6527,65,'b','博尔塔拉蒙古自治州'),
(652701,6527,'b','博乐市'),
(652702,6527,'a','阿拉山口市'),
(652722,6527,'j','精河县'),
(652723,6527,'w','温泉县'),
(6528,65,'b','巴音郭楞蒙古自治州'),
(652801,6528,'k','库尔勒市'),
(652822,6528,'l','轮台县'),
(652823,6528,'y','尉犁县'),
(652824,6528,'r','若羌县'),
(652825,6528,'q','且末县'),
(652826,6528,'y','焉耆回族自治县'),
(652827,6528,'h','和静县'),
(652828,6528,'h','和硕县'),
(652829,6528,'b','博湖县'),
(6529,65,'a','阿克苏地区'),
(652901,6529,'a','阿克苏市'),
(652902,6529,'k','库车市'),
(652922,6529,'w','温宿县'),
(652924,6529,'s','沙雅县'),
(652925,6529,'x','新和县'),
(652926,6529,'b','拜城县'),
(652927,6529,'w','乌什县'),
(652928,6529,'a','阿瓦提县'),
(652929,6529,'k','柯坪县'),
(6530,65,'k','克孜勒苏柯尔克孜自治州'),
(653001,6530,'a','阿图什市'),
(653022,6530,'a','阿克陶县'),
(653023,6530,'a','阿合奇县'),
(653024,6530,'w','乌恰县'),
(6531,65,'k','喀什地区'),
(653101,6531,'k','喀什市'),
(653121,6531,'s','疏附县'),
(653122,6531,'s','疏勒县'),
(653123,6531,'y','英吉沙县'),
(653124,6531,'z','泽普县'),
(653125,6531,'s','莎车县'),
(653126,6531,'y','叶城县'),
(653127,6531,'m','麦盖提县'),
(653128,6531,'y','岳普湖县'),
(653129,6531,'j','伽师县'),
(653130,6531,'b','巴楚县'),
(653131,6531,'t','塔什库尔干塔吉克自治县'),
(6532,65,'h','和田地区'),
(653201,6532,'h','和田市'),
(653221,6532,'h','和田县'),
(653222,6532,'m','墨玉县'),
(653223,6532,'p','皮山县'),
(653224,6532,'l','洛浦县'),
(653225,6532,'c','策勒县'),
(653226,6532,'y','于田县'),
(653227,6532,'m','民丰县'),
(6540,65,'y','伊犁哈萨克自治州'),
(654002,6540,'y','伊宁市'),
(654003,6540,'k','奎屯市'),
(654004,6540,'h','霍尔果斯市'),
(654021,6540,'y','伊宁县'),
(654022,6540,'c','察布查尔锡伯自治县'),
(654023,6540,'h','霍城县'),
(654024,6540,'g','巩留县'),
(654025,6540,'x','新源县'),
(654026,6540,'z','昭苏县'),
(654027,6540,'t','特克斯县'),
(654028,6540,'n','尼勒克县'),
(6542,65,'t','塔城地区'),
(654201,6542,'t','塔城市'),
(654202,6542,'w','乌苏市'),
(654203,6542,'s','沙湾市'),
(654221,6542,'e','额敏县'),
(654224,6542,'t','托里县'),
(654225,6542,'y','裕民县'),
(654226,6542,'h','和布克赛尔蒙古自治县'),
(6543,65,'a','阿勒泰地区'),
(654301,6543,'a','阿勒泰市'),
(654321,6543,'b','布尔津县'),
(654322,6543,'f','富蕴县'),
(654323,6543,'f','福海县'),
(654324,6543,'h','哈巴河县'),
(654325,6543,'q','青河县'),
(654326,6543,'j','吉木乃县'),
(659001,65,'s','石河子市'),
(659001000,659001,'s','石河子市'),
(659002,65,'a','阿拉尔市'),
(659002000,659002,'a','阿拉尔市'),
(659003,65,'t','图木舒克市'),
(659003000,659003,'t','图木舒克市'),
(659004,65,'w','五家渠市'),
(659004000,659004,'w','五家渠市'),
(659005,65,'b','北屯市'),
(659005000,659005,'b','北屯市'),
(659006,65,'t','铁门关市'),
(659006000,659006,'t','铁门关市'),
(659007,65,'s','双河市'),
(659007000,659007,'s','双河市'),
(659008,65,'k','可克达拉市'),
(659008000,659008,'k','可克达拉市'),
(659009,65,'k','昆玉市'),
(659009000,659009,'k','昆玉市'),
(659010,65,'h','胡杨河市'),
(659010000,659010,'h','胡杨河市');

--
-- 转存表中的数据 `swd_scategory`
--
delete from `swd_scategory`;
INSERT INTO `swd_scategory` (`cate_id`, `cate_name`, `parent_id`, `sort_order`, `if_show`) VALUES
(1, '服饰', 0, 255, 1),
(2, '女装/女士精品', 1, 255, 1),
(3, '男装', 1, 255, 1),
(4, '女鞋', 1, 255, 1),
(5, '流行男鞋', 1, 255, 1),
(6, '运动鞋', 1, 255, 1),
(7, '女士内衣/男士内衣/家居服', 1, 255, 1),
(8, '箱包皮具/热销女包/男包', 1, 255, 1),
(9, '运动服/运动包/颈环配件', 1, 255, 1),
(10, '服饰配件/皮带/帽子/围巾', 1, 255, 1),
(11, '手机/数码/办公/家电', 0, 255, 1),
(12, '手机', 11, 255, 1),
(13, '国货精品手机', 11, 255, 1),
(14, '笔记本电脑', 11, 255, 1),
(15, '电脑硬件/台式整机/网络设备', 11, 255, 1),
(16, 'MP3/MP4/iPod/录音笔', 11, 255, 1),
(17, '数码相机/摄像机/图形冲印', 11, 255, 1),
(18, '3C数码配件市场', 11, 255, 1),
(19, '网络服务/电脑软件', 11, 255, 1),
(20, '闪存卡/U盘/移动存储', 11, 255, 1),
(21, '电玩/配件/游戏/攻略', 11, 255, 1),
(22, '办公设备/文具/耗材', 11, 255, 1),
(23, '影音电器', 11, 255, 1),
(24, '美容护肤/个人护理', 0, 255, 1),
(25, '美容护肤/美体/精油', 24, 255, 1),
(26, '彩妆/香水/美发/工具', 24, 255, 1),
(27, '个人护理/保健/按摩器材', 24, 255, 1),
(28, '家居/母婴/食品', 0, 255, 1),
(29, '居家日用/厨房餐饮/卫浴洗浴', 28, 255, 1),
(30, '时尚家饰/工艺品/十字绣', 28, 255, 1),
(31, '家具/家具定制/宜家代购', 28, 255, 1),
(32, '家纺/床品/地毯/布艺', 28, 255, 1),
(33, '装潢/灯具/五金/安防/卫浴', 28, 255, 1),
(34, '保健食品', 28, 255, 1),
(35, '食品/茶叶/零食/特产', 28, 255, 1),
(36, '奶粉/尿片/母婴用品', 28, 255, 1),
(37, '益智玩具/童车/童床/书包', 28, 255, 1),
(38, '童装/童鞋/孕妇装', 28, 255, 1),
(39, '宠物/宠物食品及用品', 28, 255, 1),
(40, '厨房电器', 28, 255, 1),
(41, '生活电器', 28, 255, 1),
(42, '文体/汽车', 0, 255, 1),
(43, '书籍/杂志/报纸', 42, 255, 1),
(44, '音乐/影视/明星/乐器', 42, 255, 1),
(45, '运动/瑜伽/健身/球迷用品', 42, 255, 1),
(46, '户外/登山/野营/涉水', 42, 255, 1),
(47, '汽车/配件/改装/摩托/自行车', 42, 255, 1),
(48, '珠宝/首饰', 0, 255, 1),
(49, '饰品/流行首饰/时尚饰品', 48, 255, 1),
(50, '珠宝/钻石/翡翠/黄金', 48, 255, 1),
(51, '品牌手表/流行手表', 48, 255, 1),
(52, '收藏/爱好', 0, 255, 1),
(53, '古董/邮币/字画/收藏', 52, 255, 1),
(54, '玩具/模型/娃娃/人偶', 52, 255, 1),
(55, 'ZIPPO/瑞士军刀/眼镜', 52, 255, 1),
(56, '游戏/话费', 0, 255, 1),
(57, '腾讯QQ专区', 56, 255, 1),
(58, '网游装备/游戏币/帐号/代练', 56, 255, 1),
(59, '网络游戏点卡', 56, 255, 1),
(60, '移动/联通/小灵通充值中心', 56, 255, 1),
(61, 'IP卡/网络电话/手机号码', 56, 255, 1),
(62, '生活服务', 0, 255, 1),
(63, '成人用品/避孕用品/情趣内衣', 62, 255, 1),
(64, '网店装修/物流快递/图片存储', 62, 255, 1),
(65, '鲜花速递/蛋糕配送/园艺花艺', 62, 255, 1),
(66, '演出/旅游/吃喝玩乐折扣券', 62, 255, 1);

--
-- 转存表中的数据 `swd_sgrade`
--
delete from `swd_sgrade` where grade_id > 1;
INSERT INTO `swd_sgrade` (`grade_id`, `grade_name`, `goods_limit`, `space_limit`, `charge`, `need_confirm`, `description`, `skins`, `wap_skins`, `sort_order`) VALUES
(2, '认证店铺', 2000, 100, '0', 1, '申请时需要上传身份证和营业执照', 'default|default', 'default|default', 255);

--
-- 转存表中的数据 `swd_store`
--
delete from `swd_store`;
INSERT INTO `swd_store` (`store_id`, `store_name`, `owner`, `identity_card`, `region_id`, `address`, `tel`, `sgrade`, `stype`, `apply_remark`, `credit_value`, `praise_rate`, `state`, `close_reason`, `add_time`, `end_time`, `certification`, `sort_order`, `recommended`, `theme`, `banner`, `store_logo`, `swiper`) VALUES
({seller_id}, '演示店铺', '测试卖家', '1234567890', 450103, '民族大道110号', '18999999999', 1, 'personal', '', 0, '0.00', 1, '', 1542757210, 1924934399, '', 255, 1, 'default', '', 'data/files/store_2/other/store_logo.png', '[{"url":"data\/files\/store_2\/swiper\/swiper_1.jpg","link":"https:\/\/www.shopwind.net"},{"url":"data\/files\/store_2\/swiper\/swiper_2.jpg","link":"https:\/\/www.shopwind.net"}]');

--
-- 转存表中的数据 `swd_uploaded_file`
--
delete from `swd_uploaded_file`;
INSERT INTO `swd_uploaded_file` (`file_id`, `store_id`, `file_type`, `file_size`, `file_name`, `file_path`, `add_time`, `belong`, `item_id`, `link_url`) VALUES
(1, 2, 'png', 201852, '201805071556336963.png', 'data/files/store_2/goods/20181121160721880.png', 1542758841, 2, 1, ''),
(2, 2, 'png', 643983, '201805071556341101.png', 'data/files/store_2/goods/20181121160722364.png', 1542758842, 2, 1, ''),
(3, 2, 'png', 781334, '201805071556342163.png', 'data/files/store_2/goods/20181121160722486.png', 1542758842, 2, 1, ''),
(4, 2, 'jpg', 28294, '201805071551342032.jpg', 'data/files/store_2/goods/20181121161206467.jpg', 1542759126, 2, 1, ''),
(5, 2, 'jpg', 29218, 'small_201805071551333052.jpg', 'data/files/store_2/goods/20181121161206136.jpg', 1542759126, 2, 1, ''),
(6, 2, 'jpg', 7755, 'small_201805071551342776.jpg', 'data/files/store_2/goods/20181121161206982.jpg', 1542759127, 2, 1, ''),
(7, 2, 'jpg', 11989, 'small_201805071551345199.jpg', 'data/files/store_2/goods/20181121161207471.jpg', 1542759127, 2, 1, ''),
(8, 2, 'jpg', 30990, 'small_201805071551345735.jpg', 'data/files/store_2/goods/20181121161207954.jpg', 1542759127, 2, 1, ''),
(9, 2, 'png', 787148, '201805071544407096.png', 'data/files/store_2/goods/20181121162512458.png', 1542759912, 2, 2, ''),
(10, 2, 'png', 625937, '201805071544409733.png', 'data/files/store_2/goods/20181121162513582.png', 1542759913, 2, 2, ''),
(11, 2, 'png', 628247, '201805071545044509.png', 'data/files/store_2/goods/20181121162513368.png', 1542759913, 2, 2, ''),
(12, 2, 'jpg', 48856, 'small_201805071542162085.jpg', 'data/files/store_2/goods/20181121162707311.jpg', 1542760027, 2, 2, ''),
(13, 2, 'jpg', 13192, 'small_201805071542161899.jpg', 'data/files/store_2/goods/20181121162707422.jpg', 1542760027, 2, 2, ''),
(14, 2, 'jpg', 19007, 'small_201805071542165685.jpg', 'data/files/store_2/goods/20181121162708599.jpg', 1542760028, 2, 2, ''),
(15, 2, 'jpg', 42865, 'small_201805071542166005.jpg', 'data/files/store_2/goods/20181121162708216.jpg', 1542760028, 2, 2, ''),
(16, 2, 'jpg', 39427, 'small_201805071542168697.jpg', 'data/files/store_2/goods/20181121162709932.jpg', 1542760029, 2, 2, ''),
(17, 2, 'png', 494407, '201805071533192373.png', 'data/files/store_2/goods/20181121163002627.png', 1542760202, 2, 3, ''),
(18, 2, 'png', 116684, '201805071533199844.png', 'data/files/store_2/goods/20181121163002390.png', 1542760202, 2, 3, ''),
(19, 2, 'png', 683634, '201805071533192897.png', 'data/files/store_2/goods/20181121163002368.png', 1542760202, 2, 3, ''),
(20, 2, 'jpg', 35457, 'small_201805071537362088.jpg', 'data/files/store_2/goods/20181121163057182.jpg', 1542760257, 2, 3, ''),
(21, 2, 'jpg', 5728, 'small_201805071537367737.jpg', 'data/files/store_2/goods/20181121163103146.jpg', 1542760263, 2, 3, ''),
(22, 2, 'jpg', 11179, 'small_201805071537361162.jpg', 'data/files/store_2/goods/20181121163103403.jpg', 1542760263, 2, 3, ''),
(23, 2, 'jpg', 21685, 'small_201805071537363380.jpg', 'data/files/store_2/goods/20181121163104112.jpg', 1542760264, 2, 3, ''),
(24, 2, 'jpg', 10449, 'small_201805071537362640.jpg', 'data/files/store_2/goods/20181121163104717.jpg', 1542760264, 2, 3, ''),
(50, 2, 'jpg', 75210, 'TB1dS2qLFXXXXX6XVXXQD5z9pXX_040742.jpg', 'data/files/store_2/goods/20181121213021455.jpg', 1542778221, 2, 10, ''),
(51, 2, 'jpg', 72090, 'TB1_iStpVYqK1RjSZLer5vXppXa_052822.jpg', 'data/files/store_2/goods/20181121213244147.jpg', 1542778364, 2, 11, ''),
(49, 2, 'jpg', 19703, 'O1CN012FsHK7klIoPHfwT_!!0-item_pic.jpg', 'data/files/store_2/goods/20181121212828709.jpg', 1542778108, 2, 4, ''),
(27, 2, 'png', 819723, 'O1CN011cOiiwWSxiKHFqs_!!3079263591_01.png', 'data/files/store_2/goods/20181121165050398.png', 1542761450, 2, 4, ''),
(48, 2, 'jpg', 61240, 'TB2levNpAUmBKNjSZFOXXab2XXa_!!3308826354.jpg', 'data/files/store_2/goods/20181121212707549.jpg', 1542778027, 2, 5, ''),
(30, 2, 'jpg', 225133, 'O1CN01fLoyTY28Qc5NmejFc_!!1035757927.jpg', 'data/files/store_2/goods/20181121165510485.jpg', 1542761710, 2, 5, ''),
(47, 2, 'jpg', 170448, 'O1CN01RaBF5228Qc5habYEw_!!1035757927.jpg', 'data/files/store_2/goods/20181121212703151.jpg', 1542778024, 2, 5, ''),
(55, 2, 'jpg', 112742, 'O1CN011py4J38gySOV4Pf_!!2102385428.jpg', 'data/files/store_2/goods/20181121214606668.jpg', 1542779166, 2, 12, ''),
(53, 2, 'jpg', 72513, 'TB2rg4mdMDqK1RjSZSyXXaxEVXa_!!2102385428-0-item_pic.jpg', 'data/files/store_2/goods/20181121214203335.jpg', 1542778923, 2, 12, ''),
(34, 2, 'jpg', 189277, 'O1CN0129zFeIqiZbJH0sq_!!1714128138.jpg', 'data/files/store_2/goods/20181121165719527.jpg', 1542761839, 2, 6, ''),
(46, 2, 'jpg', 29822, 'O1CN0129zFeHnuYrsmGBS_!!1714128138.jpg', 'data/files/store_2/goods/20181121212543181.jpg', 1542777943, 2, 6, ''),
(54, 2, 'jpg', 236323, 'O1CN011py4J4wGjzEx042_!!2102385428.jpg', 'data/files/store_2/goods/20181121214303347.jpg', 1542778984, 2, 12, ''),
(56, 2, 'jpg', 137561, 'O1CN011lqxh8BIZbpaNnR_!!848414871.jpg', 'data/files/store_2/goods/20181121215053864.jpg', 1542779453, 2, 13, ''),
(38, 2, 'jpg', 84460, 'TB2WDmLaNb9F1JjSZFqXXbotVXa-470168984.jpg', 'data/files/store_2/goods/20181121165944433.jpg', 1542761984, 2, 7, ''),
(45, 2, 'jpg', 59584, 'TB244c5jnTI8KJjSsphXXcFppXa_!!470168984.jpg', 'data/files/store_2/goods/20181121212339738.jpg', 1542777819, 2, 7, ''),
(44, 2, 'jpg', 37211, 'TB2aDfDciCYBuNkSnaVXXcMsVXa_!!2616970884.jpg', 'data/files/store_2/goods/20181121212114409.jpg', 1542777674, 2, 8, ''),
(41, 2, 'jpg', 171532, 'TB2JkZtw1uSBuNjy1XcXXcYjFXa_!!2616970884.jpg', 'data/files/store_2/goods/20181121170845820.jpg', 1542762526, 2, 8, ''),
(43, 2, 'jpg', 263946, 'O1CN012718RLqw5VnriWD_!!2114897736.jpg', 'data/files/store_2/goods/20181121212111597.jpg', 1542777671, 2, 8, ''),
(52, 2, 'jpg', 38705, 'TB2RXpodRLoK1RjSZFuXXXn0XXa_!!2102385428.jpg_430x430q90.jpg', 'data/files/store_2/goods/20181121214200514.jpg', 1542778920, 2, 12, ''),
(57, 2, 'jpg', 35304, 'O1CN011lqxh9HbYb077cj_!!848414871.jpg_430x430q90.jpg', 'data/files/store_2/goods/20181121215057697.jpg', 1542779457, 2, 13, ''),
(58, 2, 'jpg', 158908, 'O1CN011lqxh7vwnJYQlic_!!848414871.jpg', 'data/files/store_2/goods/20181121215124255.jpg', 1542779484, 2, 13, ''),
(60, 2, 'jpg', 173024, 'O1CN018IlXao2GqjbUbuxLs_!!0-item_pic.jpg', 'data/files/store_2/goods/20181121215535534.jpg', 1542779735, 2, 14, ''),
(61, 2, 'jpg', 80556, 'TB2zpXCd7voK1RjSZPfXXXPKFXa_!!864939067.jpg_430x430q90.jpg', 'data/files/store_2/goods/20181121215535789.jpg', 1542779735, 2, 14, ''),
(62, 2, 'jpg', 231332, 'TB2Eh1faekJL1JjSZFmXXcw0XXa_!!864939067.jpg', 'data/files/store_2/goods/20181121215548105.jpg', 1542779748, 2, 14, ''),
(63, 2, 'jpg', 255081, 'TB2EXARXjnyQeBjSszbXXbCxVXa_!!864939067.jpg', 'data/files/store_2/goods/20181121215548819.jpg', 1542779748, 2, 14, ''),
(64, 2, 'jpg', 274275, 'O1CN012Bg8LewTCjBslcj_!!0-item_pic.jpg', 'data/files/store_2/goods/20181121215835874.jpg', 1542779916, 2, 15, ''),
(65, 2, 'jpg', 92558, 'TB12FyEk6nD8KJjSspbXXbbEXXa_!!0-item_pic.jpg', 'data/files/store_2/goods/20181121220037806.jpg', 1542780037, 2, 16, ''),
(66, 2, 'jpg', 426831, 'O1CN011pyz6W0AdXcU2uz_!!0-item_pic.jpg', 'data/files/store_2/goods/20181121220320276.jpg', 1542780200, 2, 17, ''),
(67, 2, 'jpg', 49294, 'O1CN011pyz6WW6EtOZB0W_!!394695430.jpg_430x430q90.jpg', 'data/files/store_2/goods/20181121220321253.jpg', 1542780201, 2, 17, ''),
(68, 2, 'jpg', 162097, 'TB1k1clgf6H8KJjy0FjXXaXepXa_!!0-item_pic.jpg', 'data/files/store_2/goods/20181121220446153.jpg', 1542780287, 2, 18, ''),
(69, 2, 'jpg', 64762, 'O1CN011lbOErJCjjO6lNT_!!2140044837.jpg_430x430q90.jpg', 'data/files/store_2/goods/20181121220529585.jpg', 1542780329, 2, 18, ''),
(70, 2, 'jpg', 118660, 'O1CN01sU9kRs2EXNdavv9aW_!!0-item_pic.jpg', 'data/files/store_2/goods/20181121220804979.jpg', 1542780484, 2, 19, ''),
(71, 2, 'jpg', 138636, 'TB24wxNrIj_B1NjSZFHXXaDWpXa_!!2928230926-0-item_pic.jpg', 'data/files/store_2/goods/20181121221014676.jpg', 1542780614, 2, 20, ''),
(72, 2, 'jpg', 106244, 'TB1yOiOnYPpK1RjSZFFdb95PpXa_051835.jpg', 'data/files/store_2/goods/20181121221617232.jpg', 1542780977, 2, 21, ''),
(73, 2, 'jpg', 175597, 'O1CN011PMo5IXY6Kga1Gi_!!1114511827.jpg', 'data/files/store_2/goods/20181121221648239.jpg', 1542781008, 2, 21, ''),
(74, 2, 'jpg', 132389, 'TB1dcOyhScqBKNjSZFgEXN_kXXa_051152.jpg', 'data/files/store_2/goods/20181121221946571.jpg', 1542781186, 2, 22, ''),
(75, 2, 'jpg', 246064, 'TB2TfCEhTCWBKNjSZFtXXaC3FXa_!!2215302589.jpg', 'data/files/store_2/goods/20181121222039772.jpg', 1542781239, 2, 22, ''),
(76, 2, 'jpg', 241193, 'TB2mr3av49YBuNjy0FfXXXIsVXa_!!2215302589.jpg', 'data/files/store_2/goods/20181121222039825.jpg', 1542781239, 2, 22, ''),
(77, 2, 'png', 187756, 'TB2aiFWk0cnBKNjSZR0XXcFqFXa_!!1864868535.png_430x430q90.jpg.png', 'data/files/store_2/goods/20181121222346200.png', 1542781426, 2, 23, ''),
(78, 2, 'jpg', 92368, 'TB1G3dAtvuSBuNkHFqDf64fhVXa_111749.jpg', 'data/files/store_2/goods/20181121222347420.jpg', 1542781427, 2, 23, ''),
(79, 2, 'jpg', 210135, 'TB2VI2bEf5TBuNjSspmXXaDRVXa_!!1864868535.jpg', 'data/files/store_2/goods/20181121222413488.jpg', 1542781453, 2, 23, ''),
(80, 2, 'jpg', 104905, 'TB2vLuXEgmTBuNjy1XbXXaMrVXa_!!1864868535.jpg', 'data/files/store_2/goods/20181121222429450.jpg', 1542781469, 2, 23, ''),
(81, 2, 'jpg', 119636, 'TB128X1bQZmBKNjSZPiTKJFNVXa_035141.jpg', 'data/files/store_2/goods/20181121222733481.jpg', 1542781654, 2, 24, ''),
(82, 2, 'jpg', 38916, 'TB1ScuQnXmWBuNjSspd8fnugXXa_051912.jpg_430x430q90.jpg', 'data/files/store_2/goods/20181121222915885.jpg', 1542781755, 2, 24, ''),
(84, 2, 'jpg', 70172, 'TB1MC6sRVXXXXckXVXX1xvh9FXX_044339.jpg', 'data/files/store_2/goods/20181121223950247.jpg', 1542782390, 2, 25, ''),
(85, 2, 'jpg', 119078, 'TB2Wk2LfYBkpuFjy1zkXXbSpFXa_!!742644724.jpg', 'data/files/store_2/goods/20181121224001510.jpg', 1542782401, 2, 25, ''),
(89, 2, 'jpg', 81785, 'dd4809686a1fa083.jpg', 'data/files/store_2/goods/20201213155216195.jpg', 1607817136, 2, 26, ''),
(91, 2, 'jpg', 138100, '22b60185e51a2324.jpg', 'data/files/store_2/goods/20201213155659517.jpg', 1607817419, 2, 26, ''),
(92, 2, 'jpg', 117344, '7d85aee70a55739a.jpg', 'data/files/store_2/goods/20201213160140496.jpg', 1607817700, 2, 26, ''),
(90, 2, 'jpg', 85499, '59667aefe5a9dfbf.jpg', 'data/files/store_2/goods/20201213155245671.jpg', 1607817165, 2, 26, ''),
(93, 2, 'jpg', 81718, '603f12d4bb78de60.jpg', 'data/files/store_2/goods/20201213160145559.jpg', 1607817705, 2, 26, ''),
(94, 2, 'jpg', 79637, '0774bbcd431c244f.jpg', 'data/files/store_2/goods/20201213171639312.jpg', 1607822199, 2, 27, ''),
(95, 2, 'jpg', 82387, '0476788beda27467.jpg', 'data/files/store_2/goods/20201213171644554.jpg', 1607822204, 2, 27, ''),
(96, 2, 'jpg', 87900, '7927c33909d1a50a.jpg', 'data/files/store_2/goods/20201213171653707.jpg', 1607822213, 2, 27, ''),
(97, 2, 'jpg', 64349, '50a957bb76c5f507.jpg', 'data/files/store_2/goods/20201213171653388.jpg', 1607822213, 2, 27, ''),
(98, 2, 'jpg', 84953, 'e6c874fced21323f.jpg', 'data/files/store_2/goods/20201213171653527.jpg', 1607822213, 2, 27, ''),
(99, 2, 'jpg', 106308, '9b3b7bdd95bf0762.jpg', 'data/files/store_2/goods/20201213171653682.jpg', 1607822213, 2, 27, ''),
(100, 2, 'jpg', 73612, 'c37b03387f80184f.jpg', 'data/files/store_2/goods/20201213172404900.jpg', 1607822644, 2, 28, ''),
(101, 2, 'jpg', 84404, '3018ef187d5304a5.jpg', 'data/files/store_2/goods/20201213172404905.jpg', 1607822644, 2, 28, ''),
(102, 2, 'jpg', 188087, '4242e1871684d7ca.jpg', 'data/files/store_2/goods/20201213172417365.jpg', 1607822657, 2, 28, ''),
(103, 2, 'jpg', 207896, '27da1784210fbc9e.jpg', 'data/files/store_2/goods/20201213172417649.jpg', 1607822657, 2, 28, ''),
(104, 2, 'jpg', 117274, 'd913e5c5ddc91ba5.jpg', 'data/files/store_2/goods/20201213172417140.jpg', 1607822657, 2, 28, ''),
(105, 2, 'jpg', 109983, '8383252923a52475.jpg', 'data/files/store_2/goods/20201213172804345.jpg', 1607822884, 2, 29, ''),
(106, 2, 'jpg', 120355, 'b359d2103b38e2a8.jpg', 'data/files/store_2/goods/20201213172804190.jpg', 1607822884, 2, 29, ''),
(107, 2, 'jpg', 95312, '910412bd27d17686.jpg', 'data/files/store_2/goods/20201213172805174.jpg', 1607822885, 2, 29, ''),
(108, 2, 'jpg', 109598, 'f03d4b00b0213bd2.jpg', 'data/files/store_2/goods/20201213172813561.jpg', 1607822893, 2, 29, ''),
(109, 2, 'jpg', 114893, 'b3b957c00d75d551.jpg', 'data/files/store_2/goods/20201213172813804.jpg', 1607822893, 2, 29, ''),
(110, 2, 'jpg', 153787, 'dafe418dc6f75762.jpg', 'data/files/store_2/goods/20201213172813565.jpg', 1607822893, 2, 29, ''),
(111, 2, 'jpg', 71575, '5028e69dcc24d0cb.jpg', 'data/files/store_2/goods/20201213173431222.jpg', 1607823271, 2, 30, ''),
(112, 2, 'jpg', 93316, '9816f05c8bef87c8.jpg', 'data/files/store_2/goods/20201213173432864.jpg', 1607823272, 2, 30, ''),
(113, 2, 'jpg', 99129, '42d6f6222711436d.jpg', 'data/files/store_2/goods/20201213173432104.jpg', 1607823272, 2, 30, ''),
(114, 2, 'jpg', 92436, '01a561e5250536c2.jpg', 'data/files/store_2/goods/20201213173441366.jpg', 1607823281, 2, 30, ''),
(115, 2, 'jpg', 241590, '5b47f90afd5e6fb1.jpg', 'data/files/store_2/goods/20201213173441624.jpg', 1607823281, 2, 30, ''),
(116, 2, 'jpg', 209492, '4bfa725cfc4f1a59.jpg', 'data/files/store_2/goods/20201213173441375.jpg', 1607823281, 2, 30, ''),
(117, 2, 'jpg', 121361, 'e3c9b0c4cbe31905.jpg', 'data/files/store_2/goods/20201213173908887.jpg', 1607823548, 2, 31, ''),
(118, 2, 'jpg', 132717, '24d76b8646d3996f.jpg', 'data/files/store_2/goods/20201213173909342.jpg', 1607823549, 2, 31, ''),
(119, 2, 'jpg', 94748, '0218d54efc39a2b8.jpg', 'data/files/store_2/goods/20201213173909774.jpg', 1607823549, 2, 31, ''),
(120, 2, 'jpg', 134761, 'bfbbe1eace431722.jpg', 'data/files/store_2/goods/20201213173924807.jpg', 1607823564, 2, 31, ''),
(121, 2, 'jpg', 201981, '851fbf441049dc48.jpg', 'data/files/store_2/goods/20201213173924351.jpg', 1607823564, 2, 31, ''),
(122, 2, 'jpg', 91447, '5a9f58f9Ndfa090e6.jpg', 'data/files/store_2/goods/20201213174903249.jpg', 1607824143, 2, 32, ''),
(123, 2, 'jpg', 100021, '721fa691b8648420.jpg', 'data/files/store_2/goods/20201213174903965.jpg', 1607824143, 2, 32, ''),
(124, 2, 'jpg', 82073, '5a9f5913N2e24636f.jpg', 'data/files/store_2/goods/20201213174903805.jpg', 1607824143, 2, 32, ''),
(125, 2, 'jpg', 77972, '5ab20350N25444a44.jpg', 'data/files/store_2/goods/20201213174903358.jpg', 1607824143, 2, 32, ''),
(126, 2, 'jpg', 75223, '5a9f5a21N447fdfce.jpg', 'data/files/store_2/goods/20201213174914876.jpg', 1607824154, 2, 32, ''),
(127, 2, 'jpg', 49740, '5a9f5a21Nab93d732.jpg', 'data/files/store_2/goods/20201213174914683.jpg', 1607824154, 2, 32, ''),
(128, 2, 'jpg', 66132, '5a9f5ca6N884d733f.jpg', 'data/files/store_2/goods/20201213174914763.jpg', 1607824154, 2, 32, ''),
(129, 2, 'jpg', 96776, '5a9f5c7aN37200de7.jpg', 'data/files/store_2/goods/20201213174914991.jpg', 1607824154, 2, 32, ''),
(130, 2, 'jpg', 165884, '0faa9dacef136a73.jpg', 'data/files/store_2/goods/20201214124421396.jpg', 1607892261, 2, 33, ''),
(131, 2, 'jpg', 191044, 'bb0c24821d56810a.jpg', 'data/files/store_2/goods/20201214124421478.jpg', 1607892261, 2, 33, ''),
(132, 2, 'jpg', 108562, 'fad1105281c9fe4a.jpg', 'data/files/store_2/goods/20201214124421207.jpg', 1607892261, 2, 33, ''),
(133, 2, 'jpg', 165884, '0faa9dacef136a73.jpg', 'data/files/store_2/goods/20201214124431327.jpg', 1607892271, 2, 33, ''),
(134, 2, 'jpg', 191044, 'bb0c24821d56810a.jpg', 'data/files/store_2/goods/20201214124432401.jpg', 1607892272, 2, 33, ''),
(135, 2, 'jpg', 108562, 'fad1105281c9fe4a.jpg', 'data/files/store_2/goods/20201214124432758.jpg', 1607892272, 2, 33, ''),
(136, 2, 'jpg', 237415, '44f4d86622ce499f.jpg', 'data/files/store_2/goods/20201214124844745.jpg', 1607892524, 2, 34, ''),
(137, 2, 'jpg', 288355, '3fdb8c30b3a9f9a2.jpg', 'data/files/store_2/goods/20201214124844682.jpg', 1607892524, 2, 34, ''),
(138, 2, 'jpg', 95236, '852891a82d7cbcac.jpg', 'data/files/store_2/goods/20201214124844149.jpg', 1607892524, 2, 34, ''),
(139, 2, 'jpg', 67309, '4ee5cf757b90d6cf.jpg', 'data/files/store_2/goods/20201214124900469.jpg', 1607892540, 2, 34, ''),
(140, 2, 'jpg', 107783, '955a579c66bd0785.jpg', 'data/files/store_2/goods/20201214124900889.jpg', 1607892540, 2, 34, ''),
(141, 2, 'jpg', 45008, '67169e86f3a85673.jpg', 'data/files/store_2/goods/20201214124900637.jpg', 1607892540, 2, 34, ''),
(142, 2, 'jpg', 331812, '591d667cNb65e6519.jpg', 'data/files/store_2/goods/20201214160050668.jpg', 1607904050, 2, 35, ''),
(143, 2, 'jpg', 193841, '5ac45ebcNa460588a.jpg', 'data/files/store_2/goods/20201214160051199.jpg', 1607904051, 2, 35, ''),
(144, 2, 'jpg', 210266, '5bee37a8N51db3c9d.jpg', 'data/files/store_2/goods/20201214160051403.jpg', 1607904051, 2, 35, ''),
(145, 2, 'jpg', 28732, '8a6c2cb81e359b53.jpg', 'data/files/store_2/goods/20201214160111416.jpg', 1607904071, 2, 35, ''),
(146, 2, 'jpg', 37341, 'e07ab6eec32e76f5.jpg', 'data/files/store_2/goods/20201214160111348.jpg', 1607904071, 2, 35, ''),
(147, 2, 'jpg', 40628, '89c1d637ae230a47.jpg', 'data/files/store_2/goods/20201214160111123.jpg', 1607904071, 2, 35, ''),
(149, 2, 'jpg', 41541, '9ffc7475cfcb8f27.jpg', 'data/files/store_2/goods/20201214160651826.jpg', 1607904411, 2, 36, ''),
(172, 2, 'jpg', 89175, 'fdbeabd5067cab6d.jpg', 'data/files/store_2/goods/20201215103300515.jpg', 1607970780, 2, 36, ''),
(173, 2, 'jpg', 53336, 'c8d50d63738c9081.jpg', 'data/files/store_2/goods/20201215103503750.jpg', 1607970903, 2, 36, ''),
(152, 2, 'jpg', 174514, '8db41bb4b682ef37.jpg', 'data/files/store_2/goods/20201214160927426.jpg', 1607904567, 2, 36, ''),
(153, 2, 'jpg', 120038, '581ed46dfb102e97.jpg', 'data/files/store_2/goods/20201214160927657.jpg', 1607904567, 2, 36, ''),
(154, 2, 'jpg', 106012, '416d1a774fe30430.jpg', 'data/files/store_2/goods/20201214160927887.jpg', 1607904567, 2, 36, ''),
(155, 2, 'jpg', 89582, 'f7aaf814751b857f.jpg', 'data/files/store_2/goods/20201214162152131.jpg', 1607905312, 2, 37, ''),
(156, 2, 'jpg', 88137, 'd7e54dde0e7cf747.jpg', 'data/files/store_2/goods/20201214162152809.jpg', 1607905312, 2, 37, ''),
(157, 2, 'jpg', 128499, '9962d89c0433a186.jpg', 'data/files/store_2/goods/20201214162152545.jpg', 1607905312, 2, 37, ''),
(158, 2, 'jpg', 185921, '2ae70feaf65ae79e.jpg', 'data/files/store_2/goods/20201214162205220.jpg', 1607905325, 2, 37, ''),
(159, 2, 'jpg', 270095, 'f319c5030dfd8be4.jpg', 'data/files/store_2/goods/20201214162205474.jpg', 1607905325, 2, 37, ''),
(160, 2, 'jpg', 208500, 'ca0a180ab7bf114d.jpg', 'data/files/store_2/goods/20201214165719577.jpg', 1607907439, 2, 38, ''),
(161, 2, 'jpg', 255190, '4452846bb14bb49e.jpg', 'data/files/store_2/goods/20201214165719546.jpg', 1607907439, 2, 38, ''),
(162, 2, 'jpg', 169411, 'e8254b9fc9d3ecc0.jpg', 'data/files/store_2/goods/20201214165720770.jpg', 1607907440, 2, 38, ''),
(163, 2, 'jpg', 205977, '195686e226b5ea42.jpg', 'data/files/store_2/goods/20201214165732191.jpg', 1607907452, 2, 38, ''),
(164, 2, 'jpg', 154765, '21e1812bf5cbc011.jpg', 'data/files/store_2/goods/20201214165732538.jpg', 1607907452, 2, 38, ''),
(165, 2, 'jpg', 313922, 'fe68e8b2dcaf34d7.jpg', 'data/files/store_2/goods/20201214165732350.jpg', 1607907452, 2, 38, ''),
(166, 2, 'jpg', 86891, '61be32e91edfc6c6.jpg', 'data/files/store_2/goods/20201214171752645.jpg', 1607908672, 2, 39, ''),
(167, 2, 'jpg', 98057, '157a8627b9c07382.jpg', 'data/files/store_2/goods/20201214171752436.jpg', 1607908672, 2, 39, ''),
(168, 2, 'jpg', 73244, '89277f0e932de6f7.jpg', 'data/files/store_2/goods/20201214171753880.jpg', 1607908673, 2, 39, ''),
(169, 2, 'jpg', 61553, '59a7ce3bNd74e7344.jpg', 'data/files/store_2/goods/20201214171824949.jpg', 1607908704, 2, 39, ''),
(170, 2, 'jpg', 50164, '59a7ce36N3eb53912.jpg', 'data/files/store_2/goods/20201214171824362.jpg', 1607908704, 2, 39, ''),
(171, 2, 'jpg', 55355, '2ecbff651163a783.jpg', 'data/files/store_2/goods/20201214171824101.jpg', 1607908704, 2, 39, ''),
(174, 2, 'jpg', 20065, '3a62efc455c9e716.jpg', 'data/files/store_2/goods/20210201114323390.jpg', 1612122203, 2, 40, ''),
(175, 2, 'jpg', 29454, '149503bc9026d922.jpg', 'data/files/store_2/goods/20210201114323838.jpg', 1612122203, 2, 40, ''),
(176, 2, 'jpg', 20528, '2d0dd638abf7dcc2.jpg', 'data/files/store_2/goods/20210201114323874.jpg', 1612122203, 2, 40, ''),
(177, 2, 'jpg', 18913, '24bc162f493ec940.jpg', 'data/files/store_2/goods/20210201114323599.jpg', 1612122203, 2, 40, ''),
(181, 2, 'jpg', 131176, '5be9108f28a06b69 (1).jpg', 'data/files/store_2/goods/20210201115847877.jpg', 1612123127, 2, 40, ''),
(183, 2, 'jpg', 14418, '35744bdd8cea0211.jpg', 'data/files/store_2/goods/20210201120701340.jpg', 1612123621, 2, 41, ''),
(184, 2, 'jpg', 15470, '471863b4da2a6fe8.jpg', 'data/files/store_2/goods/20210201120701221.jpg', 1612123621, 2, 41, ''),
(185, 2, 'jpg', 42060, '6c54a1957c5e3453.jpg', 'data/files/store_2/goods/20210201120701632.jpg', 1612123621, 2, 41, ''),
(186, 2, 'jpg', 26217, '4da9462bf0252ecb.jpg', 'data/files/store_2/goods/20210201120701925.jpg', 1612123621, 2, 41, ''),
(187, 2, 'png', 1349562, 'af0a3a0ac16b6bb2.png', 'data/files/store_2/goods/20210201120909174.png', 1612123749, 2, 41, ''),
(188, 2, 'jpg', 22922, '0894c1f0956a71b3.jpg', 'data/files/store_2/goods/20210201121241521.jpg', 1612123961, 2, 42, ''),
(189, 2, 'jpg', 10601, 'a5dd22847fa30810.jpg', 'data/files/store_2/goods/20210201121241493.jpg', 1612123961, 2, 42, ''),
(190, 2, 'jpg', 20468, 'cdab3422b2886eed.jpg', 'data/files/store_2/goods/20210201121241297.jpg', 1612123961, 2, 42, ''),
(192, 2, 'jpg', 89545, 'df4ccd531452bc08222222.jpg', 'data/files/store_2/goods/20210201121651337.jpg', 1612124211, 2, 42, ''),
(193, 2, 'jpg', 184601, 'df4ccd531452bc08222.jpg', 'data/files/store_2/goods/20210201121651513.jpg', 1612124211, 2, 42, ''),
(201, 2, 'jpg', 24707, '6acbbbaa835cfc8d.jpg', 'data/files/store_2/goods/20210201164420438.jpg', 1612140260, 2, 43, ''),
(203, 2, 'jpg', 98583, '73ae76072e31ce7b_02.jpg', 'data/files/store_2/goods/20210201164437562.jpg', 1612140277, 2, 43, ''),
(200, 2, 'jpg', 31853, '81d1426d39b1dabd.jpg', 'data/files/store_2/goods/20210201164420110.jpg', 1612140260, 2, 43, ''),
(199, 2, 'jpg', 39741, 'af5ffa93825ab083.jpg', 'data/files/store_2/goods/20210201164420563.jpg', 1612140260, 2, 43, ''),
(202, 2, 'jpg', 44434, '73ae76072e31ce7b_01.jpg', 'data/files/store_2/goods/20210201164437319.jpg', 1612140277, 2, 43, ''),
(204, 2, 'jpg', 110801, '73ae76072e31ce7b_03.jpg', 'data/files/store_2/goods/20210201164437536.jpg', 1612140277, 2, 43, ''),
(205, 2, 'jpg', 79003, '73ae76072e31ce7b_04.jpg', 'data/files/store_2/goods/20210201164437359.jpg', 1612140277, 2, 43, ''),
(206, 2, 'jpg', 129610, '73ae76072e31ce7b_05.jpg', 'data/files/store_2/goods/20210201164437629.jpg', 1612140277, 2, 43, ''),
(207, 2, 'jpg', 69118, '73ae76072e31ce7b_07.jpg', 'data/files/store_2/goods/20210201164438596.jpg', 1612140278, 2, 43, ''),
(208, 2, 'jpg', 74305, '73ae76072e31ce7b_06.jpg', 'data/files/store_2/goods/20210201164438147.jpg', 1612140278, 2, 43, ''),
(209, 2, 'jpg', 66161, '73ae76072e31ce7b_08.jpg', 'data/files/store_2/goods/20210201164438408.jpg', 1612140278, 2, 43, ''),
(210, 2, 'jpg', 101920, '73ae76072e31ce7b_09.jpg', 'data/files/store_2/goods/20210201164438964.jpg', 1612140278, 2, 43, ''),
(211, 2, 'jpg', 23906, '734034e6e5f30b93.jpg', 'data/files/store_2/goods/20210201171847146.jpg', 1612142327, 2, 44, ''),
(212, 2, 'jpg', 16657, '3ab5bb3027da798d.jpg', 'data/files/store_2/goods/20210201171847524.jpg', 1612142327, 2, 44, ''),
(213, 2, 'jpg', 25101, '4dbca2bd37888c47.jpg', 'data/files/store_2/goods/20210201171847153.jpg', 1612142327, 2, 44, ''),
(214, 2, 'jpg', 91015, 'af0a3a0ac16b6bb2-(1)_01.jpg', 'data/files/store_2/goods/20210201171906385.jpg', 1612142346, 2, 44, ''),
(215, 2, 'jpg', 164822, 'af0a3a0ac16b6bb2-(1)_02.jpg', 'data/files/store_2/goods/20210201171906486.jpg', 1612142346, 2, 44, ''),
(216, 2, 'jpg', 122852, 'af0a3a0ac16b6bb2-(1)_03.jpg', 'data/files/store_2/goods/20210201171906114.jpg', 1612142346, 2, 44, ''),
(217, 2, 'jpg', 200962, 'af0a3a0ac16b6bb2-(1)_04.jpg', 'data/files/store_2/goods/20210201171906889.jpg', 1612142346, 2, 44, ''),
(218, 2, 'jpg', 3745, '5b1e6617N8ba088a2.jpg', 'data/files/store_2/goods/20210201172926476.jpg', 1612142966, 2, 45, ''),
(219, 2, 'jpg', 6119, '5b1e6615Ne1765c03.jpg', 'data/files/store_2/goods/20210201172926685.jpg', 1612142966, 2, 45, ''),
(220, 2, 'jpg', 3086, '5b1e6617N08792073.jpg', 'data/files/store_2/goods/20210201172926601.jpg', 1612142966, 2, 45, ''),
(221, 2, 'jpg', 20735, 'a8b7556d1d02682b_01.jpg', 'data/files/store_2/goods/20210201172944483.jpg', 1612142984, 2, 45, ''),
(222, 2, 'jpg', 73780, 'a8b7556d1d02682b_02.jpg', 'data/files/store_2/goods/20210201172944506.jpg', 1612142984, 2, 45, ''),
(223, 2, 'jpg', 56163, 'a8b7556d1d02682b_03.jpg', 'data/files/store_2/goods/20210201172944432.jpg', 1612142984, 2, 45, ''),
(224, 2, 'jpg', 12215, '6a155195eb3285c9.jpg', 'data/files/store_2/goods/20210201173420782.jpg', 1612143260, 2, 46, ''),
(225, 2, 'jpg', 8717, '8786efc04f001e50.jpg', 'data/files/store_2/goods/20210201173420874.jpg', 1612143260, 2, 46, ''),
(226, 2, 'jpg', 11623, '413160a74742f504.jpg', 'data/files/store_2/goods/20210201173420994.jpg', 1612143260, 2, 46, ''),
(227, 2, 'jpg', 14578, '5a7f3c01931688ab.jpg', 'data/files/store_2/goods/20210201173420680.jpg', 1612143260, 2, 46, ''),
(228, 2, 'jpg', 48379, '01587e901af36baf_01.jpg', 'data/files/store_2/goods/20210201173435150.jpg', 1612143275, 2, 46, ''),
(229, 2, 'jpg', 39346, '01587e901af36baf_02.jpg', 'data/files/store_2/goods/20210201173435769.jpg', 1612143275, 2, 46, ''),
(230, 2, 'jpg', 84692, '01587e901af36baf_03.jpg', 'data/files/store_2/goods/20210201173435553.jpg', 1612143275, 2, 46, ''),
(231, 2, 'jpg', 88687, '01587e901af36baf_04.jpg', 'data/files/store_2/goods/20210201173435468.jpg', 1612143275, 2, 46, ''),
(232, 2, 'jpg', 55107, '01587e901af36baf_05.jpg', 'data/files/store_2/goods/20210201173435158.jpg', 1612143275, 2, 46, ''),
(233, 2, 'jpg', 61925, '01587e901af36baf_06.jpg', 'data/files/store_2/goods/20210201173435932.jpg', 1612143275, 2, 46, ''),
(234, 2, 'jpg', 59911, '01587e901af36baf_07.jpg', 'data/files/store_2/goods/20210201173436518.jpg', 1612143276, 2, 46, ''),
(235, 2, 'jpg', 70922, '01587e901af36baf_08.jpg', 'data/files/store_2/goods/20210201173436554.jpg', 1612143276, 2, 46, ''),
(236, 2, 'jpg', 61081, '01587e901af36baf_09.jpg', 'data/files/store_2/goods/20210201173436845.jpg', 1612143276, 2, 46, ''),
(237, 2, 'jpg', 104791, '微信图片_20210604151837.jpg', 'data/files/store_2/goods/20210604152347606.jpg', 1622762627, 2, 47, ''),
(238, 2, 'jpg', 106380, '微信图片_20210604151905.jpg', 'data/files/store_2/goods/20210604152347641.jpg', 1622762627, 2, 47, ''),
(239, 2, 'jpg', 99938, '微信图片_20210604151914.jpg', 'data/files/store_2/goods/20210604152347592.jpg', 1622762627, 2, 47, ''),
(240, 2, 'jpg', 104791, '微信图片_20210604151837.jpg', 'data/files/store_2/goods/20210604154159306.jpg', 1622763719, 2, 47, ''),
(241, 2, 'jpg', 134684, '微信图片_20210604154457.jpg', 'data/files/store_2/goods/20210604154534759.jpg', 1622763934, 2, 48, ''),
(242, 2, 'jpg', 154714, '微信图片_20210604154500.jpg', 'data/files/store_2/goods/20210604154534618.jpg', 1622763934, 2, 48, ''),
(243, 2, 'jpg', 159639, '微信图片_20210604154451.jpg', 'data/files/store_2/goods/20210604154534634.jpg', 1622763934, 2, 48, ''),
(244, 2, 'jpg', 36198, '微信图片_20210604153430.jpg', 'data/files/store_2/goods/20210604154550505.jpg', 1622763950, 2, 48, ''),
(245, 2, 'jpg', 53701, '微信图片_20210604153436.jpg', 'data/files/store_2/goods/20210604154550633.jpg', 1622763950, 2, 48, ''),
(246, 2, 'jpg', 86864, '微信图片_20210604153441.jpg', 'data/files/store_2/goods/20210604154550407.jpg', 1622763950, 2, 48, ''),
(247, 2, 'jpg', 71453, '微信图片_20210604153445.jpg', 'data/files/store_2/goods/20210604154550864.jpg', 1622763950, 2, 48, ''),
(249, 2, 'jpg', 131368, '微信图片_20210604153424.jpg', 'data/files/store_2/goods/20210604154722899.jpg', 1622764042, 2, 49, ''),
(250, 2, 'jpg', 31292, '微信图片_20210604153410.jpg', 'data/files/store_2/goods/20210604154737461.jpg', 1622764057, 2, 49, ''),
(251, 2, 'jpg', 131368, '微信图片_20210604153424.jpg', 'data/files/store_2/goods/20210604154737127.jpg', 1622764057, 2, 49, ''),
(252, 2, 'jpg', 31292, '微信图片_20210604153410.jpg', 'data/files/store_2/goods/20210604155123926.jpg', 1622764283, 2, 49, ''),
(253, 2, 'jpg', 225321, '微信图片_20210604155754.jpg', 'data/files/store_2/goods/20210604155831167.jpg', 1622764711, 2, 50, ''),
(254, 2, 'jpg', 185869, '微信图片_20210604155804.jpg', 'data/files/store_2/goods/20210604155831514.jpg', 1622764711, 2, 50, ''),
(255, 2, 'jpg', 204772, '微信图片_20210604155758.jpg', 'data/files/store_2/goods/20210604155831421.jpg', 1622764711, 2, 50, ''),
(256, 2, 'jpg', 139026, '微信图片_20210604155801.jpg', 'data/files/store_2/goods/20210604155850931.jpg', 1622764730, 2, 50, ''),
(257, 2, 'jpg', 204772, '微信图片_20210604155758.jpg', 'data/files/store_2/goods/20210604155850878.jpg', 1622764730, 2, 50, ''),
(258, 2, 'jpg', 114899, '微信图片_20210604155808.jpg', 'data/files/store_2/goods/20210604155850915.jpg', 1622764730, 2, 50, ''),
(259, 2, 'jpg', 38545, '微信图片_202106041608244.jpg', 'data/files/store_2/goods/20210604160838119.jpg', 1622765318, 2, 51, ''),
(261, 2, 'jpg', 67251, '微信图片_202106041608245.jpg', 'data/files/store_2/goods/20210604160838332.jpg', 1622765318, 2, 51, ''),
(262, 2, 'jpg', 107002, '微信图片_20210604160824.jpg', 'data/files/store_2/goods/20210604160856403.jpg', 1622765336, 2, 51, ''),
(263, 2, 'jpg', 43066, '微信图片_202106041608243.jpg', 'data/files/store_2/goods/20210604160857550.jpg', 1622765337, 2, 51, ''),
(264, 2, 'jpg', 175447, '微信图片_202106041608241.jpg', 'data/files/store_2/goods/20210604160857530.jpg', 1622765337, 2, 51, ''),
(265, 2, 'jpg', 228728, '微信图片_202106041608242.jpg', 'data/files/store_2/goods/20210604160857396.jpg', 1622765337, 2, 51, ''),
(338, 2, 'jpg', 114483, '微信图片_20210604182814.jpg', 'data/files/store_2/goods/20210604182845759.jpg', 1622773725, 2, 51, ''),
(266, 2, 'jpg', 44637, '微信图片_202106041616474.jpg', 'data/files/store_2/goods/20210604161759115.jpg', 1622765879, 2, 52, ''),
(267, 2, 'jpg', 54037, '微信图片_202106041616473.jpg', 'data/files/store_2/goods/20210604161759623.jpg', 1622765879, 2, 52, ''),
(268, 2, 'jpg', 47238, '微信图片_202106041616472.jpg', 'data/files/store_2/goods/20210604161816351.jpg', 1622765896, 2, 52, ''),
(269, 2, 'jpg', 75019, '微信图片_202106041616471.jpg', 'data/files/store_2/goods/20210604161822906.jpg', 1622765902, 2, 52, ''),
(270, 2, 'jpg', 47238, '微信图片_202106041616472.jpg', 'data/files/store_2/goods/20210604161842875.jpg', 1622765922, 2, 52, ''),
(271, 2, 'jpg', 78530, '微信图片_202106041616478.jpg', 'data/files/store_2/goods/20210604161915838.jpg', 1622765955, 2, 53, ''),
(272, 2, 'png', 599823, '微信图片_202106041616473.png', 'data/files/store_2/goods/20210604161916519.png', 1622765956, 2, 53, ''),
(273, 2, 'jpg', 43521, '微信图片_202106041616475.jpg', 'data/files/store_2/goods/20210604161936982.jpg', 1622765976, 2, 53, ''),
(274, 2, 'png', 773220, '微信图片_202106041616472.png', 'data/files/store_2/goods/20210604161937621.png', 1622765977, 2, 53, ''),
(275, 2, 'jpg', 45298, '微信图片_202106041616476.jpg', 'data/files/store_2/goods/20210604161937201.jpg', 1622765977, 2, 53, ''),
(276, 2, 'png', 763808, '微信图片_202106041616475.png', 'data/files/store_2/goods/20210604161937609.png', 1622765977, 2, 53, ''),
(277, 2, 'jpg', 34473, '微信图片_202106041616477.jpg', 'data/files/store_2/goods/20210604161937497.jpg', 1622765977, 2, 53, ''),
(291, 2, 'png', 263389, '微信图片_202106041633031.png', 'data/files/store_2/goods/20210604164104718.png', 1622767264, 2, 54, ''),
(280, 2, 'jpg', 48420, '微信图片_202106041633037.jpg', 'data/files/store_2/goods/20210604163319969.jpg', 1622766799, 2, 54, ''),
(281, 2, 'png', 263389, '微信图片_202106041633031.png', 'data/files/store_2/goods/20210604163334333.png', 1622766814, 2, 54, ''),
(282, 2, 'png', 198187, '微信图片_202106041633033.png', 'data/files/store_2/goods/20210604163334191.png', 1622766814, 2, 54, ''),
(283, 2, 'png', 238177, '微信图片_202106041633032.png', 'data/files/store_2/goods/20210604163334446.png', 1622766814, 2, 54, ''),
(339, 2, 'jpg', 220055, '微信图片_20210604184123.jpg', 'data/files/store_2/goods/20210604184146644.jpg', 1622774506, 2, 53, ''),
(284, 2, 'jpg', 211404, '微信图片_202106041633032.jpg', 'data/files/store_2/goods/20210604163545455.jpg', 1622766945, 2, 55, ''),
(285, 2, 'jpg', 198671, '微信图片_202106041633034.jpg', 'data/files/store_2/goods/20210604163545710.jpg', 1622766945, 2, 55, ''),
(286, 2, 'jpg', 201714, '微信图片_202106041633031.jpg', 'data/files/store_2/goods/20210604163607203.jpg', 1622766967, 2, 55, ''),
(287, 2, 'jpg', 102579, '微信图片_202106041633033.jpg', 'data/files/store_2/goods/20210604163607974.jpg', 1622766967, 2, 55, ''),
(288, 2, 'jpg', 198671, '微信图片_202106041633034.jpg', 'data/files/store_2/goods/20210604163608935.jpg', 1622766968, 2, 55, ''),
(293, 2, 'jpg', 190498, '微信图片_202106041648183.jpg', 'data/files/store_2/goods/20210604164828545.jpg', 1622767708, 2, 56, ''),
(294, 2, 'jpg', 150761, '微信图片_202106041648181.jpg', 'data/files/store_2/goods/20210604164841167.jpg', 1622767721, 2, 56, ''),
(295, 2, 'jpg', 207625, '微信图片_202106041648182.jpg', 'data/files/store_2/goods/20210604164841725.jpg', 1622767721, 2, 56, ''),
(296, 2, 'jpg', 190498, '微信图片_202106041648183.jpg', 'data/files/store_2/goods/20210604164841467.jpg', 1622767721, 2, 56, ''),
(297, 2, 'jpg', 43559, '微信图片_202106041656457.jpg', 'data/files/store_2/goods/20210604165659231.jpg', 1622768219, 2, 57, ''),
(329, 2, 'jpg', 162136, '微信图片_20210604154515.jpg', 'data/files/store_2/goods/20210604172200309.jpg', 1622769720, 2, 62, ''),
(299, 2, 'jpg', 110953, '微信图片_202106041656458.jpg', 'data/files/store_2/goods/20210604165659415.jpg', 1622768219, 2, 57, ''),
(300, 2, 'jpg', 102101, '微信图片_202106041656454.jpg', 'data/files/store_2/goods/20210604165719654.jpg', 1622768239, 2, 57, ''),
(301, 2, 'jpg', 114609, '微信图片_202106041656455.jpg', 'data/files/store_2/goods/20210604165719368.jpg', 1622768239, 2, 57, ''),
(302, 2, 'jpg', 204875, '微信图片_202106041656453.jpg', 'data/files/store_2/goods/20210604165719327.jpg', 1622768239, 2, 57, ''),
(303, 2, 'jpg', 100009, '微信图片_202106041656456.jpg', 'data/files/store_2/goods/20210604165719684.jpg', 1622768239, 2, 57, ''),
(330, 2, 'jpg', 135139, '微信图片_20210604154504.jpg', 'data/files/store_2/goods/20210604172218506.jpg', 1622769738, 2, 62, ''),
(304, 2, 'jpg', 77835, '微信图片_202106041656451.jpg', 'data/files/store_2/goods/20210604165923974.jpg', 1622768363, 2, 58, ''),
(305, 2, 'jpg', 129138, '微信图片_202106041656452.jpg', 'data/files/store_2/goods/20210604165923116.jpg', 1622768363, 2, 58, ''),
(306, 2, 'jpg', 77835, '微信图片_202106041656451.jpg', 'data/files/store_2/goods/20210604170038135.jpg', 1622768438, 2, 58, ''),
(307, 2, 'jpg', 129138, '微信图片_202106041656452.jpg', 'data/files/store_2/goods/20210604170038768.jpg', 1622768438, 2, 58, ''),
(308, 2, 'jpg', 83497, '微信图片_20210604170018.jpg', 'data/files/store_2/goods/20210604170038961.jpg', 1622768438, 2, 58, ''),
(309, 2, 'jpg', 47389, '微信图片_2021060417052711.jpg', 'data/files/store_2/goods/20210604170716326.jpg', 1622768836, 2, 59, ''),
(310, 2, 'jpg', 52401, '微信图片_202106041705279.jpg', 'data/files/store_2/goods/20210604170716748.jpg', 1622768836, 2, 59, ''),
(311, 2, 'jpg', 143559, '微信图片_202106041705278.jpg', 'data/files/store_2/goods/20210604170716599.jpg', 1622768836, 2, 59, ''),
(313, 2, 'jpg', 143559, '微信图片_202106041705278.jpg', 'data/files/store_2/goods/20210604170729700.jpg', 1622768849, 2, 59, ''),
(314, 2, 'jpg', 74446, '微信图片_2021060417052710.jpg', 'data/files/store_2/goods/20210604170729487.jpg', 1622768849, 2, 59, ''),
(315, 2, 'jpg', 90795, '微信图片_202106041705275.jpg', 'data/files/store_2/goods/20210604170950410.jpg', 1622768990, 2, 60, ''),
(316, 2, 'jpg', 83075, '微信图片_202106041705276.jpg', 'data/files/store_2/goods/20210604170950388.jpg', 1622768990, 2, 60, ''),
(317, 2, 'jpg', 491099, '微信图片_202106041705274.jpg', 'data/files/store_2/goods/20210604171002869.jpg', 1622769002, 2, 60, ''),
(318, 2, 'jpg', 130449, '微信图片_202106041705277.jpg', 'data/files/store_2/goods/20210604171011129.jpg', 1622769011, 2, 60, ''),
(319, 2, 'jpg', 198876, '微信图片_202106041705271.jpg', 'data/files/store_2/goods/20210604171042407.jpg', 1622769042, 2, 61, ''),
(326, 2, 'jpg', 158299, '微信图片_20210604170527.jpg', 'data/files/store_2/goods/20210604171133832.jpg', 1622769093, 2, 61, ''),
(321, 2, 'jpg', 195888, '微信图片_202106041705272.jpg', 'data/files/store_2/goods/20210604171042197.jpg', 1622769042, 2, 61, ''),
(322, 2, 'jpg', 158299, '微信图片_20210604170527.jpg', 'data/files/store_2/goods/20210604171108561.jpg', 1622769068, 2, 61, ''),
(323, 2, 'jpg', 198876, '微信图片_202106041705271.jpg', 'data/files/store_2/goods/20210604171121481.jpg', 1622769081, 2, 61, ''),
(324, 2, 'jpg', 65223, '微信图片_202106041705273.jpg', 'data/files/store_2/goods/20210604171121216.jpg', 1622769081, 2, 61, ''),
(325, 2, 'jpg', 195888, '微信图片_202106041705272.jpg', 'data/files/store_2/goods/20210604171121199.jpg', 1622769081, 2, 61, ''),
(328, 2, 'png', 879060, '微信图片_20210604154511.png', 'data/files/store_2/goods/20210604172147930.png', 1622769707, 2, 62, ''),
(331, 2, 'jpg', 112624, '微信图片_20210604154507.jpg', 'data/files/store_2/goods/20210604172218250.jpg', 1622769738, 2, 62, ''),
(332, 2, 'png', 879060, '微信图片_20210604154511.png', 'data/files/store_2/goods/20210604172219953.png', 1622769739, 2, 62, ''),
(333, 2, 'png', 567214, '微信图片_20210604180151.png', 'data/files/store_2/goods/20210604180212914.png', 1622772132, 2, 58, ''),
(334, 2, 'jpg', 184472, '微信图片_20210604180142.jpg', 'data/files/store_2/goods/20210604180229822.jpg', 1622772149, 2, 58, ''),
(335, 2, 'jpg', 234190, '微信图片_20210604180147.jpg', 'data/files/store_2/goods/20210604180229470.jpg', 1622772149, 2, 58, ''),
(336, 2, 'jpg', 58338, '微信图片_20210604180514.jpg', 'data/files/store_2/goods/20210604180536762.jpg', 1622772336, 2, 56, ''),
(337, 2, 'jpg', 67534, '微信图片_20210604181948.jpg', 'data/files/store_2/goods/20210604182028392.jpg', 1622773228, 2, 58, ''),
(340, 2, 'jpg', 165170, '微信图片_20210606125903.jpg', 'data/files/store_2/goods/20210606130007816.jpg', 1622926807, 2, 63, ''),
(341, 2, 'jpg', 219312, '微信图片_202106061259031.jpg', 'data/files/store_2/goods/20210606130008612.jpg', 1622926808, 2, 63, ''),
(342, 2, 'jpg', 249810, '微信图片_202106061259032.jpg', 'data/files/store_2/goods/20210606130008865.jpg', 1622926808, 2, 63, ''),
(343, 2, 'jpg', 253426, '微信图片_202106061301102.jpg', 'data/files/store_2/goods/20210606130117456.jpg', 1622926877, 2, 63, ''),
(344, 2, 'jpg', 204980, '微信图片_20210606130110.jpg', 'data/files/store_2/goods/20210606130118907.jpg', 1622926878, 2, 63, ''),
(345, 2, 'jpg', 285469, '微信图片_202106061301101.jpg', 'data/files/store_2/goods/20210606130118939.jpg', 1622926878, 2, 63, ''),
(346, 2, 'jpg', 183059, '微信图片_202106061259039.jpg', 'data/files/store_2/goods/20210606130506950.jpg', 1622927106, 2, 64, ''),
(347, 2, 'jpg', 154436, '微信图片_202106061259038.jpg', 'data/files/store_2/goods/20210606130506155.jpg', 1622927106, 2, 64, ''),
(348, 2, 'jpg', 164372, '微信图片_202106061259037.jpg', 'data/files/store_2/goods/20210606130507227.jpg', 1622927107, 2, 64, ''),
(349, 2, 'jpg', 227231, '微信图片_202106061259035.jpg', 'data/files/store_2/goods/20210606130525352.jpg', 1622927125, 2, 64, ''),
(350, 2, 'jpg', 406413, '微信图片_202106061259036.jpg', 'data/files/store_2/goods/20210606130525819.jpg', 1622927125, 2, 64, ''),
(351, 2, 'jpg', 297415, '微信图片_202106061259034.jpg', 'data/files/store_2/goods/20210606130525980.jpg', 1622927125, 2, 64, ''),
(352, 2, 'jpg', 455417, '微信图片_202106061259033.jpg', 'data/files/store_2/goods/20210606130526930.jpg', 1622927126, 2, 64, ''),
(353, 2, 'jpg', 97854, 'IMG_0150(20210616-103629).JPG', 'data/files/store_2/goods/20210616105624222.jpg', 1623783384, 2, 65, ''),
(354, 2, 'jpg', 95533, 'IMG_0151(20210616-103633).JPG', 'data/files/store_2/goods/20210616105630443.jpg', 1623783390, 2, 65, ''),
(470, 2, 'jpg', 48740, 'gh_fea54cf5a4a8_258.jpg', 'data/files/store_2/goods/220221111114358373.jpg', 1668109438, 2, 46, ''),
(469, 2, 'png', 16527, 'TB1B7WPXBhDDuNjm2Gmwu0b2pXa.png', 'data/files/store_2/goods/220221111113132300.png', 1668108692, 2, 46, ''),
(484, 1086, 'png', 164811, '1.png', 'data/files/store_1086/goods/20230301180248920.png', 1677636168, 0, 0, ''),
(480, 0, 'png', 222480, '1723f8c48fd0fa34f45947a14fe98111.png', 'data/files/mall/120230213115107847.png', 1676231467, 1, 7, ''),
(485, 2, 'jpg', 551493, '220220218174124398.jpg', 'data/files/store_2/goods/20230307105123943.jpg', 1678128683, 0, 9, ''),
(486, 2, 'jpg', 166920, '220220218174120478.jpg', 'data/files/store_2/goods/20230307105149374.jpg', 1678128709, 0, 9, ''),
(487, 2, 'jpg', 69126, '220220218174010910.jpg', 'data/files/store_2/goods/20230307105333357.jpg', 1678128813, 0, 9, ''),
(488, 2, 'jpg', 62366, '220220218174009525.jpg', 'data/files/store_2/goods/20230307105337330.jpg', 1678128817, 0, 9, ''),
(489, 2, 'jpg', 74601, '220220218174009403.jpg', 'data/files/store_2/goods/20230307105340576.jpg', 1678128820, 0, 9, ''),
(490, 2, 'jpg', 62366, '220220218174009525.jpg', 'data/files/store_2/goods/20230307105842468.jpg', 1678129122, 0, 9, ''),
(491, 2, 'jpg', 74601, '220220218174009403.jpg', 'data/files/store_2/goods/20230307105846657.jpg', 1678129126, 0, 9, ''),
(492, 2, 'jpg', 47232, '20210616110625524.jpg', 'data/files/store_2/goods/20230307110728178.jpg', 1678129648, 0, 49, ''),
(493, 2, 'jpg', 30859, '20210616110625739.jpg', 'data/files/store_2/goods/20230307110732270.jpg', 1678129652, 0, 49, ''),
(494, 2, 'jpg', 67975, '20210616111302338.jpg', 'data/files/store_2/goods/20230307111032165.jpg', 1678129832, 0, 52, ''),
(495, 2, 'jpg', 68006, '20210616111302795.jpg', 'data/files/store_2/goods/20230307111038125.jpg', 1678129838, 0, 52, ''),
(496, 2, 'jpg', 67975, '20210616111302338.jpg', 'data/files/store_2/goods/20230307132133999.jpg', 1678137693, 0, 52, ''),
(497, 2, 'jpg', 67975, '20210616111302338.jpg', 'data/files/store_2/goods/20230307132359337.jpg', 1678137839, 0, 52, ''),
(498, 2, 'jpg', 67975, '20210616111302338.jpg', 'data/files/store_2/goods/20230307150107885.jpg', 1678143667, 0, 52, ''),
(499, 2, 'jpg', 68006, '20210616111302795.jpg', 'data/files/store_2/goods/20230307150112352.jpg', 1678143672, 0, 52, ''),
(500, 2, 'jpg', 47232, '20210616110625524.jpg', 'data/files/store_2/goods/20230307150257603.jpg', 1678143777, 0, 49, ''),
(501, 2, 'jpg', 30859, '20210616110625739.jpg', 'data/files/store_2/goods/20230307150300525.jpg', 1678143780, 0, 49, ''),
(502, 2, 'jpg', 62366, '220220218174009525.jpg', 'data/files/store_2/goods/20230307150330367.jpg', 1678143810, 0, 9, ''),
(503, 2, 'jpg', 74601, '220220218174009403.jpg', 'data/files/store_2/goods/20230307150333323.jpg', 1678143813, 0, 9, ''),
(504, 2, 'jpg', 551493, '220220218174124398.jpg', 'data/files/store_2/goods/20230307150345942.jpg', 1678143825, 0, 9, ''),
(505, 2, 'jpg', 166920, '220220218174120478.jpg', 'data/files/store_2/goods/20230307150418494.jpg', 1678143858, 0, 9, '');

--
-- 转存表中的数据 `swd_user_priv`
--
delete from `swd_user_priv` where store_id > 0;
INSERT INTO `swd_user_priv` (`userid`, `store_id`, `privs`) VALUES
({seller_id}, {seller_id}, 'all');

--
-- 转存表中的数据 `swd_integral_setting`
--
delete from `swd_integral_setting`;
INSERT INTO `swd_integral_setting` (`setting_id`, `rate`, `register`, `signin`, `openshop`, `buygoods`, `enabled`) VALUES
(1, '1.00', '50', '10', '100', 'a:2:{i:1;s:3:"0.1";i:2;s:3:"0.2";}', 1);

--
-- 转存表中的数据 `swd_limitbuy`
--
delete from `swd_limitbuy`;
INSERT INTO `swd_limitbuy` (`id`, `goods_id`, `title`, `summary`, `start_time`, `end_time`, `store_id`, `rules`, `image`) VALUES
(1, 58, '春节大促', '', 1678120611, 1924919077, 2, 'a:1:{i:181;a:2:{s:5:\"price\";d:9.9;s:8:\"pro_type\";s:8:\"discount\";}}', NULL),
(2, 37, '春节大促', '', 1678120611, 1924919077, 2, 'a:8:{i:97;a:2:{s:5:\"price\";s:1:\"9\";s:8:\"pro_type\";s:8:\"discount\";}i:98;a:2:{s:5:\"price\";s:1:\"9\";s:8:\"pro_type\";s:8:\"discount\";}i:99;a:2:{s:5:\"price\";s:1:\"9\";s:8:\"pro_type\";s:8:\"discount\";}i:100;a:2:{s:5:\"price\";s:1:\"9\";s:8:\"pro_type\";s:8:\"discount\";}i:101;a:2:{s:5:\"price\";s:1:\"9\";s:8:\"pro_type\";s:8:\"discount\";}i:102;a:2:{s:5:\"price\";s:1:\"9\";s:8:\"pro_type\";s:8:\"discount\";}i:103;a:2:{s:5:\"price\";s:1:\"9\";s:8:\"pro_type\";s:8:\"discount\";}i:104;a:2:{s:5:\"price\";s:1:\"9\";s:8:\"pro_type\";s:8:\"discount\";}}', NULL),
(3, 43, '春节大促', '', 1678120611, 1924919077, 2, 'a:6:{i:131;a:2:{s:5:\"price\";i:9;s:8:\"pro_type\";s:8:\"discount\";}i:132;a:2:{s:5:\"price\";i:8;s:8:\"pro_type\";s:8:\"discount\";}i:133;a:2:{s:5:\"price\";i:7;s:8:\"pro_type\";s:8:\"discount\";}i:134;a:2:{s:5:\"price\";i:6;s:8:\"pro_type\";s:8:\"discount\";}i:135;a:2:{s:5:\"price\";i:5;s:8:\"pro_type\";s:8:\"discount\";}i:137;a:2:{s:5:\"price\";i:4;s:8:\"pro_type\";s:8:\"discount\";}}', NULL),
(4, 67, '卖家促销', '', 1678120611, 1924919077, 2, 'a:1:{i:211;a:2:{s:5:\"price\";s:1:\"8\";s:8:\"pro_type\";s:5:\"price\";}}', NULL),
(5, 46, '春节大促', '', 1678120611, 1924919077, 2, 'a:6:{i:238;a:2:{s:5:\"price\";i:9;s:8:\"pro_type\";s:8:\"discount\";}i:239;a:2:{s:5:\"price\";i:9;s:8:\"pro_type\";s:8:\"discount\";}i:240;a:2:{s:5:\"price\";i:9;s:8:\"pro_type\";s:8:\"discount\";}i:241;a:2:{s:5:\"price\";i:9;s:8:\"pro_type\";s:8:\"discount\";}i:242;a:2:{s:5:\"price\";i:9;s:8:\"pro_type\";s:8:\"discount\";}i:243;a:2:{s:5:\"price\";i:9;s:8:\"pro_type\";s:8:\"discount\";}}', NULL),
(6, 45, '春节大促', '', 1678120611, 1924919077, 2, 'a:6:{i:151;a:2:{s:5:\"price\";i:9;s:8:\"pro_type\";s:8:\"discount\";}i:152;a:2:{s:5:\"price\";d:9.7;s:8:\"pro_type\";s:8:\"discount\";}i:153;a:2:{s:5:\"price\";d:8.9;s:8:\"pro_type\";s:8:\"discount\";}i:154;a:2:{s:5:\"price\";i:9;s:8:\"pro_type\";s:8:\"discount\";}i:155;a:2:{s:5:\"price\";d:9.3;s:8:\"pro_type\";s:8:\"discount\";}i:156;a:2:{s:5:\"price\";d:9.3;s:8:\"pro_type\";s:8:\"discount\";}}', NULL),
(7, 66, '卖家促销', '', 1678120611, 1924919077, 2, 'a:1:{i:200;a:2:{s:5:\"price\";s:1:\"9\";s:8:\"pro_type\";s:5:\"price\";}}', NULL),
(8, 62, '卖家促销', '', 1678120611, 1924919077, 2, 'a:2:{i:186;a:2:{s:5:\"price\";i:6;s:8:\"pro_type\";s:8:\"discount\";}i:187;a:2:{s:5:\"price\";i:7;s:8:\"pro_type\";s:8:\"discount\";}}', NULL),
(9, 42, '春节大促', '', 1678120611, 1924919077, 2, 'a:6:{i:125;a:2:{s:5:\"price\";d:0.1;s:8:\"pro_type\";s:8:\"discount\";}i:126;a:2:{s:5:\"price\";d:0.1;s:8:\"pro_type\";s:8:\"discount\";}i:127;a:2:{s:5:\"price\";d:0.1;s:8:\"pro_type\";s:8:\"discount\";}i:128;a:2:{s:5:\"price\";d:0.1;s:8:\"pro_type\";s:8:\"discount\";}i:129;a:2:{s:5:\"price\";d:0.1;s:8:\"pro_type\";s:8:\"discount\";}i:130;a:2:{s:5:\"price\";d:0.1;s:8:\"pro_type\";s:8:\"discount\";}}', NULL),
(10, 48, '春节大促', '', 1678120611, 1924919077, 2, 'a:1:{i:165;a:2:{s:5:\"price\";s:3:\"9.8\";s:8:\"pro_type\";s:8:\"discount\";}}', NULL),
(11, 47, '卖家促销', '', 1678120611, 1924919077, 2, 'a:1:{i:252;a:2:{s:5:\"price\";s:1:\"9\";s:8:\"pro_type\";s:5:\"price\";}}', NULL);

--
-- 转存表中的数据 `swd_teambuy`
--
delete from `swd_teambuy`;
INSERT INTO `swd_teambuy` (`id`, `goods_id`, `title`, `status`, `store_id`, `people`, `specs`) VALUES
(1, 46, '2人团', 1, 2, 2, 'a:6:{i:238;a:2:{s:5:\"price\";s:1:\"9\";s:4:\"type\";s:8:\"discount\";}i:239;a:2:{s:5:\"price\";s:1:\"9\";s:4:\"type\";s:8:\"discount\";}i:240;a:2:{s:5:\"price\";s:1:\"9\";s:4:\"type\";s:8:\"discount\";}i:241;a:2:{s:5:\"price\";s:1:\"9\";s:4:\"type\";s:8:\"discount\";}i:242;a:2:{s:5:\"price\";s:1:\"9\";s:4:\"type\";s:8:\"discount\";}i:243;a:2:{s:5:\"price\";s:1:\"9\";s:4:\"type\";s:8:\"discount\";}}'),
(2, 6, '2人团', 1, 2, 2, 'a:1:{i:6;a:2:{s:5:\"price\";i:1;s:4:\"type\";s:8:\"discount\";}}'),
(3, 25, '小米手机一折', 1, 2, 2, 'a:9:{i:27;a:2:{s:5:\"price\";i:1;s:4:\"type\";s:8:\"discount\";}i:28;a:2:{s:5:\"price\";i:1;s:4:\"type\";s:8:\"discount\";}i:29;a:2:{s:5:\"price\";i:1;s:4:\"type\";s:8:\"discount\";}i:30;a:2:{s:5:\"price\";i:1;s:4:\"type\";s:8:\"discount\";}i:31;a:2:{s:5:\"price\";i:1;s:4:\"type\";s:8:\"discount\";}i:32;a:2:{s:5:\"price\";i:1;s:4:\"type\";s:8:\"discount\";}i:33;a:2:{s:5:\"price\";i:1;s:4:\"type\";s:8:\"discount\";}i:34;a:2:{s:5:\"price\";i:1;s:4:\"type\";s:8:\"discount\";}i:35;a:2:{s:5:\"price\";i:1;s:4:\"type\";s:8:\"discount\";}}'),
(4, 44, '2人团', 1, 2, 2, 'a:8:{i:138;a:2:{s:5:\"price\";i:6;s:4:\"type\";s:8:\"discount\";}i:139;a:2:{s:5:\"price\";i:7;s:4:\"type\";s:8:\"discount\";}i:140;a:2:{s:5:\"price\";i:8;s:4:\"type\";s:8:\"discount\";}i:141;a:2:{s:5:\"price\";i:6;s:4:\"type\";s:8:\"discount\";}i:142;a:2:{s:5:\"price\";i:7;s:4:\"type\";s:8:\"discount\";}i:143;a:2:{s:5:\"price\";i:8;s:4:\"type\";s:8:\"discount\";}i:144;a:2:{s:5:\"price\";i:9;s:4:\"type\";s:8:\"discount\";}i:145;a:2:{s:5:\"price\";i:9;s:4:\"type\";s:8:\"discount\";}}'),
(5, 43, '2人团', 1, 2, 2, 'a:6:{i:131;a:2:{s:5:\"price\";s:1:\"9\";s:4:\"type\";s:8:\"discount\";}i:132;a:2:{s:5:\"price\";s:1:\"9\";s:4:\"type\";s:8:\"discount\";}i:133;a:2:{s:5:\"price\";s:1:\"9\";s:4:\"type\";s:8:\"discount\";}i:134;a:2:{s:5:\"price\";s:1:\"9\";s:4:\"type\";s:8:\"discount\";}i:135;a:2:{s:5:\"price\";s:1:\"8\";s:4:\"type\";s:8:\"discount\";}i:137;a:2:{s:5:\"price\";s:1:\"8\";s:4:\"type\";s:8:\"discount\";}}'),
(6, 39, '2人团', 1, 2, 2, 'a:9:{i:57;a:2:{s:5:\"price\";d:0.01;s:4:\"type\";s:8:\"discount\";}i:58;a:2:{s:5:\"price\";i:6;s:4:\"type\";s:8:\"discount\";}i:59;a:2:{s:5:\"price\";i:7;s:4:\"type\";s:8:\"discount\";}i:60;a:2:{s:5:\"price\";i:8;s:4:\"type\";s:8:\"discount\";}i:61;a:2:{s:5:\"price\";i:5;s:4:\"type\";s:8:\"discount\";}i:62;a:2:{s:5:\"price\";i:7;s:4:\"type\";s:8:\"discount\";}i:63;a:2:{s:5:\"price\";d:9.6999999999999993;s:4:\"type\";s:8:\"discount\";}i:64;a:2:{s:5:\"price\";d:6.9000000000000004;s:4:\"type\";s:8:\"discount\";}i:65;a:2:{s:5:\"price\";d:4.9000000000000004;s:4:\"type\";s:8:\"discount\";}}'),
(7, 27, '2人团', 1, 2, 2, 'a:6:{i:40;a:2:{s:5:\"price\";s:1:\"7\";s:4:\"type\";s:8:\"discount\";}i:41;a:2:{s:5:\"price\";s:1:\"8\";s:4:\"type\";s:8:\"discount\";}i:42;a:2:{s:5:\"price\";s:1:\"9\";s:4:\"type\";s:8:\"discount\";}i:43;a:2:{s:5:\"price\";s:1:\"5\";s:4:\"type\";s:8:\"discount\";}i:44;a:2:{s:5:\"price\";s:1:\"6\";s:4:\"type\";s:8:\"discount\";}i:45;a:2:{s:5:\"price\";s:1:\"8\";s:4:\"type\";s:8:\"discount\";}}'),
(8, 37, '三人团', 1, 2, 3, 'a:8:{i:97;a:2:{s:5:\"price\";d:0.01;s:4:\"type\";s:8:\"discount\";}i:98;a:2:{s:5:\"price\";d:9.9900000000000002;s:4:\"type\";s:8:\"discount\";}i:99;a:2:{s:5:\"price\";d:9.9900000000000002;s:4:\"type\";s:8:\"discount\";}i:100;a:2:{s:5:\"price\";d:0.01;s:4:\"type\";s:8:\"discount\";}i:101;a:2:{s:5:\"price\";d:9.9900000000000002;s:4:\"type\";s:8:\"discount\";}i:102;a:2:{s:5:\"price\";d:9.9900000000000002;s:4:\"type\";s:8:\"discount\";}i:103;a:2:{s:5:\"price\";d:9.9900000000000002;s:4:\"type\";s:8:\"discount\";}i:104;a:2:{s:5:\"price\";d:9.9900000000000002;s:4:\"type\";s:8:\"discount\";}}'),
(9, 45, '2人团', 1, 2, 3, 'a:6:{i:151;a:2:{s:5:\"price\";s:1:\"9\";s:4:\"type\";s:8:\"discount\";}i:152;a:2:{s:5:\"price\";s:1:\"8\";s:4:\"type\";s:8:\"discount\";}i:153;a:2:{s:5:\"price\";s:1:\"9\";s:4:\"type\";s:8:\"discount\";}i:154;a:2:{s:5:\"price\";s:1:\"8\";s:4:\"type\";s:8:\"discount\";}i:155;a:2:{s:5:\"price\";s:1:\"6\";s:4:\"type\";s:8:\"discount\";}i:156;a:2:{s:5:\"price\";s:1:\"8\";s:4:\"type\";s:8:\"discount\";}}'),
(10, 48, '拼团', 0, 2, 2, 'a:6:{i:165;a:2:{s:5:\"price\";d:0.37;s:4:\"type\";s:8:\"discount\";}i:238;a:2:{s:5:\"price\";d:0.01;s:4:\"type\";s:8:\"discount\";}i:239;a:2:{s:5:\"price\";d:0.04;s:4:\"type\";s:8:\"discount\";}i:240;a:2:{s:5:\"price\";d:0.1;s:4:\"type\";s:8:\"discount\";}i:241;a:2:{s:5:\"price\";d:0.04;s:4:\"type\";s:8:\"discount\";}i:242;a:2:{s:5:\"price\";d:0.01;s:4:\"type\";s:8:\"discount\";}}'),
(11, 30, '2人团', 1, 2, 2, 'a:1:{i:48;a:2:{s:5:\"price\";i:9;s:4:\"type\";s:8:\"discount\";}}');

--
-- 转存表中的数据 `swd_coupon`
--
delete from `swd_coupon`;
INSERT INTO `swd_coupon` (`id`, `store_id`, `name`, `money`, `use_times`, `start_time`, `end_time`, `amount`, `available`, `image`, `total`, `surplus`, `received`) VALUES
(1, 2, '新春大促', '10.00', 1, 1617004800, 1640966399, '100.00', 1, NULL, 1000, 1000, 1),
(2, 2, '年中大促', '5.00', 1, 1617004800, 1640966399, '50.00', 1, NULL, 999, 999, 1),
(3, 2, '618活动', '18.00', 1, 1617004800, 1640966399, '88.00', 1, NULL, 999, 999, 1);

/*!40101 SET CHARACTER_SET_CLIENT=@OLD_CHARACTER_SET_CLIENT */;
/*!40101 SET CHARACTER_SET_RESULTS=@OLD_CHARACTER_SET_RESULTS */;
/*!40101 SET COLLATION_CONNECTION=@OLD_COLLATION_CONNECTION */;
